,start_ind,ate,ate_std,domain
0,100.0,0.6041165333824245,0.3970043630519237,0
1,110.0,0.6424432516780195,0.41096817197280416,0
2,120.0,0.696118187331936,0.42486024004114975,0
3,130.0,0.6989190796069432,0.40871172401235395,0
4,140.0,0.6953447491968421,0.3931453996432419,0
5,150.0,0.7137319096528704,0.4068767384443104,0
6,160.0,0.7107399160967206,0.4056785046635591,0
7,170.0,0.6400904392310435,0.3771465049722189,0
8,180.0,0.6089095025384963,0.3895898159501202,0
9,190.0,0.6010138795676849,0.3998036084716672,0
10,200.0,0.5966812494652567,0.40069190560357926,0
11,210.0,0.5923523292958618,0.37485916396033225,0
12,220.0,0.6246761867699342,0.38580108764714865,0
13,230.0,0.6720746343919589,0.4159281550795794,0
14,240.0,0.6153900569598916,0.3643870858669577,0
15,250.0,0.4490554347058127,0.24633027519669848,0
16,260.0,0.2864001545850562,0.17417523268359789,0
17,270.0,0.23131641173739578,0.1542725045515887,0
18,280.0,0.25699863592371147,0.15133596021412493,0
19,290.0,0.2701470380278751,0.13859290490012638,0
20,300.0,0.2751285309429692,0.13534795497848945,0
21,310.0,0.30675805844492754,0.16778639192175057,0
22,320.0,0.3628075894238256,0.21968872823206337,0
23,330.0,0.32466088622053013,0.19137219896489377,0
24,340.0,0.2766690326445637,0.18695014130916573,0
25,350.0,0.32698618651847866,0.21951091779243045,0
26,360.0,0.4143375350590702,0.2807014933719927,0
27,370.0,0.49103256885383656,0.31053043824137344,0
28,380.0,0.5685073098637217,0.34294923100938357,0
29,390.0,0.6389810389488574,0.36972435205720844,0
30,400.0,0.6592191817175991,0.36645396292747157,0
31,410.0,0.5710206759075257,0.33109639538969543,0
32,420.0,0.5159936829845094,0.33498767884884884,0
33,430.0,0.5004206248561153,0.3485537526566325,0
34,440.0,0.519628760088584,0.3528599040766247,0
35,450.0,0.5176260335951653,0.3421913103027068,0
36,460.0,0.5180697274687236,0.33617482884113803,0
37,470.0,0.5106323716283591,0.32462774833383234,0
38,480.0,0.4883183438508654,0.3104184822716524,0
39,490.0,0.4323743633393017,0.2715414492064636,0
40,500.0,0.3567919182775096,0.2175244766033137,0
41,510.0,0.2696196722591177,0.1505910592665329,0
42,520.0,0.1910735206234378,0.09674582699792741,0
43,530.0,0.1928112616272652,0.08498653497464664,0
44,540.0,0.18809673601528362,0.08472663808633041,0
45,550.0,0.1690689719969933,0.08063308154378264,0
46,560.0,0.14317177422221572,0.07198330294181872,0
47,570.0,0.1340226294040401,0.07564100296053765,0
48,580.0,0.13811471975360942,0.08456033202348776,0
49,590.0,0.1519247733210591,0.0960260851094301,0
50,600.0,0.1558819432219502,0.10438571474983054,0
51,610.0,0.18705369297217025,0.13584418979303847,0
52,620.0,0.21547123044903005,0.12843717140959157,0
53,630.0,0.24898731238760488,0.16767578670825353,0
54,640.0,0.23450329622141874,0.15948651998693625,0
55,650.0,0.24324821402730304,0.16626727409994124,0
56,660.0,0.16947833770009224,0.11480406139164569,0
57,670.0,0.19571015662564717,0.12440307829509781,0
58,680.0,0.2531646424788017,0.14115988419552022,0
59,690.0,0.24869405807592598,0.13152788398850396,0
60,700.0,0.12930800595317304,0.07618197079311233,0
61,710.0,0.1510527847525995,0.09822416127276366,0
62,720.0,0.17419891657421918,0.11849487457348246,0
63,730.0,0.24541133116655373,0.1670510113083628,0
64,740.0,0.2959069894811178,0.16295378454437395,0
65,750.0,0.27712064026818206,0.14450839684823807,0
66,760.0,0.22616629278360972,0.14974442465971372,0
67,770.0,0.2265922783885232,0.15837195956456343,0
68,780.0,0.21795969236375393,0.1499947869647547,0
69,790.0,0.31198201941012466,0.1899724710582478,0
70,800.0,0.352272784270961,0.2418446085521508,0
71,810.0,0.409295469513561,0.29495735794837685,0
72,820.0,0.46728245978970123,0.36084106225302087,0
73,830.0,0.4951190092974912,0.38974865479178566,0
74,840.0,0.5290528060344168,0.39944351607076417,0
75,850.0,0.5096887779771195,0.3831749948914569,0
76,860.0,0.5540190035076946,0.3559615835790878,0
77,870.0,0.5168888755811695,0.33353209920431387,0
78,880.0,0.4716544731599154,0.32332231843731474,0
79,890.0,0.4696023453283596,0.3267658570359829,0
80,900.0,0.47026315090223103,0.3155895055061576,0
81,910.0,0.4597486020547637,0.2858612308433927,0
82,920.0,0.5462645204415549,0.33857872237805026,0
83,930.0,0.6754362319549736,0.41793593276027274,0
84,940.0,0.5788167181420093,0.34346213405112,0
85,950.0,0.42390247598067265,0.25956728882722163,0
86,960.0,0.4093172036847234,0.2549631509668398,0
87,970.0,0.42081253042578737,0.25542386782353,0
88,980.0,0.4423665160265599,0.258522127078762,0
89,990.0,0.44596189538815745,0.25145240992475937,0
90,1000.0,0.47131751769145397,0.24898550579150786,0
91,1010.0,0.47992226227057755,0.23363605537407844,0
92,1020.0,0.5072556582401989,0.24325562906227788,0
93,1030.0,0.5197379972484284,0.2637328341327104,0
94,1040.0,0.4920782257297936,0.2627536779154995,0
95,1050.0,0.39439673404015885,0.21038884366195437,0
96,1060.0,0.2901653574734898,0.17244407563814743,0
97,1070.0,0.26010363427522737,0.16503530200201663,0
98,1080.0,0.2743993951490791,0.17095947281124418,0
99,1090.0,0.29569612283731506,0.17538929436687006,0
100,1100.0,0.33231950835443436,0.20019336027125656,0
101,1110.0,0.36716812510721186,0.209642023799931,0
102,1120.0,0.35756149503056656,0.2002236370773003,0
103,1130.0,0.2787739676302579,0.1547830317963386,0
104,1140.0,0.2305514401216609,0.15963351295933287,0
105,1150.0,0.25409296387634966,0.16619445787018997,0
106,1160.0,0.27223170641444555,0.1521247665974093,0
107,1170.0,0.28566043184348167,0.16957420123010483,0
108,1180.0,0.2811737962797725,0.17075129130789773,0
109,1190.0,0.30525473690897686,0.19305044579294192,0
110,1200.0,0.2957595814127143,0.17105979593063503,0
111,1210.0,0.33530110965539356,0.18952631557095515,0
112,1220.0,0.32552461292627827,0.18321531489071285,0
113,1230.0,0.32535892002260525,0.1905121060092117,0
114,1240.0,0.3373068421988215,0.18487638393699954,0
115,1250.0,0.3653341035111797,0.19536515455148742,0
116,1260.0,0.35607623393699406,0.17759373140591264,0
117,1270.0,0.3700542884209981,0.17097917335223717,0
118,1280.0,0.3868223234756805,0.15782218174193435,0
119,1290.0,0.3416511096462513,0.1309670780401725,0
120,1300.0,0.3074053911713422,0.11755196986422131,0
121,1310.0,0.26741176003119793,0.13818165001437724,0
122,1320.0,0.3478999719792288,0.17320294315100265,0
123,1330.0,0.32442577097092695,0.1789794867049561,0
124,1340.0,0.14989133313707897,0.07898186083390255,0
125,1350.0,0.13918069403977323,0.08665792849206178,0
126,1360.0,0.133265455633623,0.082238114678903,0
127,1370.0,0.14266395954864788,0.09105947678610675,0
128,1380.0,0.1356558818523931,0.08736890263652039,0
129,1390.0,0.1441585565780929,0.09073059747791751,0
130,1400.0,0.13554349356475545,0.08294940701886463,0
131,1410.0,0.11465433260615367,0.0631585316591576,0
132,1420.0,0.13195656876752473,0.07595536057429697,0
133,1430.0,0.1639543463004794,0.09695275965922366,0
134,1440.0,0.23506159205801858,0.14402027101839993,0
135,1450.0,0.25701228414042354,0.15419007299875817,0
136,1460.0,0.24594357869547456,0.15449042647798816,0
137,1470.0,0.27695112600361066,0.19148733400168302,0
138,1480.0,0.33968501422147046,0.23900929694765619,0
139,1490.0,0.3699688982973266,0.2582579527771761,0
140,1500.0,0.4108945356577232,0.28027783968676445,0
141,1510.0,0.4336893881471822,0.286904664241826,0
142,1520.0,0.4315454638908742,0.3061874657596581,0
143,1530.0,0.419261572100715,0.31965101573765603,0
144,1540.0,0.44386417413099527,0.34194473409021386,0
145,1550.0,0.4620263763088041,0.347569626182306,0
146,1560.0,0.4945181275687941,0.3631622644707595,0
147,1570.0,0.5042409118931329,0.36574466997273797,0
148,1580.0,0.5229399561061915,0.3648597140849459,0
149,1590.0,0.518331821910957,0.350487627609189,0
150,1600.0,0.4769753538396528,0.3088015725869936,0
151,1610.0,0.5038533816414134,0.3063535638333029,0
152,1620.0,0.5289226496080696,0.3006290952866809,0
153,1630.0,0.4017862175577136,0.23710639478538717,0
154,1640.0,0.3299323142727307,0.23192603646360294,0
155,1650.0,0.3374654015656724,0.2268180473740753,0
156,1660.0,0.36805311386693706,0.24005763318776588,0
157,1670.0,0.41763139034691693,0.2598099342124578,0
158,1680.0,0.4297335147545159,0.2611454327633613,0
159,1690.0,0.39997515455420657,0.24131704507472032,0
160,1700.0,0.3878176115113481,0.22896013203596358,0
161,1710.0,0.4395923540385495,0.2419613469007359,0
162,1720.0,0.4083371226476292,0.226749917394931,0
163,1730.0,0.36973560350987505,0.23200205211865324,0
164,1740.0,0.38339510908055474,0.24990917398578752,0
165,1750.0,0.38405802749787277,0.2434221582197602,0
166,1760.0,0.39881957644686594,0.2533397838005137,0
167,1770.0,0.4133887269833677,0.2562675932922526,0
168,1780.0,0.415337835870495,0.2485657936911569,0
169,1790.0,0.38529195738924493,0.21023033601397678,0
170,1800.0,0.3363517950877472,0.15893211932334178,0
171,1810.0,0.325059052535802,0.17784333599588434,0
172,1820.0,0.3324310095995024,0.20705264678261484,0
173,1830.0,0.354175159258104,0.21178999058922127,0
174,1840.0,0.3582203407886794,0.21473955188965452,0
175,1850.0,0.36551836773383833,0.23838463428877532,0
176,1860.0,0.38210052929442445,0.2455645069525961,0
177,1870.0,0.40908282414168107,0.25605140447180474,0
178,1880.0,0.42084024283198224,0.24984164741095793,0
179,1890.0,0.425291873922929,0.23728990363234737,0
180,1900.0,0.4260081510248783,0.22624083955556015,0
181,1910.0,0.4468236064930938,0.239890159150871,0
182,1920.0,0.41498893971158834,0.2212154564565833,0
183,1930.0,0.3195366238207705,0.17039873611523262,0
184,1940.0,0.28322965851542775,0.15819418396470786,0
185,1950.0,0.23279162706384604,0.14564599972597594,0
186,1960.0,0.21819646340205048,0.13858815578852718,0
187,1970.0,0.25174053233561605,0.15726703194129124,0
188,1980.0,0.2871426896078855,0.1710936095261411,0
189,1990.0,0.24615946335709407,0.15036701756566279,0
190,2000.0,0.23330810178668673,0.14963503097407693,0
191,2010.0,0.24412267458304096,0.15751230239952185,0
192,2020.0,0.304038837272299,0.19808063697589917,0
193,2030.0,0.35975022867747375,0.21372141803531988,0
194,2040.0,0.36045312354861264,0.21192784404606474,0
195,2050.0,0.3351917071642681,0.21314446394315523,0
196,2060.0,0.35838334379460157,0.2366060370396619,0
197,2070.0,0.40316601820400244,0.2612115588406955,0
198,2080.0,0.388538253056512,0.23579464179630388,0
199,2090.0,0.34725976112687085,0.18964480851192594,0
200,2100.0,0.349325380554694,0.18587321730504072,0
201,2110.0,0.3746324011956952,0.2004818791334669,0
202,2120.0,0.3651059282947449,0.21607751202896514,0
203,2130.0,0.3710108506114283,0.24425740447412864,0
204,2140.0,0.3861679131513571,0.2594663910296026,0
205,2150.0,0.40314324626319603,0.252300955051091,0
206,2160.0,0.4200240193658955,0.2447508806702879,0
207,2170.0,0.463407442565516,0.26798778825156655,0
208,2180.0,0.4911057377860289,0.271229399517757,0
209,2190.0,0.4743922434034978,0.2539216302163655,0
210,2200.0,0.45487463198470207,0.23675834347831184,0
211,2210.0,0.38943167076421065,0.21374177302463285,0
212,2220.0,0.3696385024105078,0.22223464748869134,0
213,2230.0,0.3527132167706314,0.21488339600829526,0
214,2240.0,0.33979580042868596,0.208670390046427,0
215,2250.0,0.3266607903280982,0.20451298345221297,0
216,2260.0,0.35573573072635367,0.2241404332507313,0
217,2270.0,0.4180148652202941,0.26196206228839697,0
218,2280.0,0.35923259508440925,0.21714761729346577,0
219,2290.0,0.2411996220372337,0.14345779164810868,0
220,2300.0,0.19153529195955135,0.1301639052803911,0
221,2310.0,0.21047158013600886,0.15987637822446651,0
222,2320.0,0.20636413036362897,0.15659893220754542,0
223,2330.0,0.20763785693370237,0.1426359609030603,0
224,2340.0,0.20755142492389292,0.1434211184063312,0
225,2350.0,0.2045775552672263,0.14384195259661092,0
226,2360.0,0.21219878322704097,0.14474408596057164,0
227,2370.0,0.23738129254240734,0.1594726994859859,0
228,2380.0,0.23647481435367618,0.15139569712040685,0
229,2390.0,0.2125299118994701,0.13685199570801526,0
230,2400.0,0.19707655680399147,0.11476673108554519,0
231,2410.0,0.16879054475739955,0.09738110624556738,0
232,2420.0,0.17632949704171239,0.10380620385300357,0
233,2430.0,0.17066497781678927,0.09592347988632323,0
234,2440.0,0.19437339461262787,0.10008267537240782,0
235,2450.0,0.18950614785978367,0.09280661048736212,0
236,2460.0,0.2175899612199488,0.12581293376722796,0
237,2470.0,0.25970288370785366,0.15915349918677366,0
238,2480.0,0.3209351656630758,0.1870057002067907,0
239,2490.0,0.34963172121571257,0.21282849206185445,0
240,2500.0,0.2896616673441979,0.1919046358839293,0
241,2510.0,0.297516054369917,0.20376099732266142,0
242,2520.0,0.29931920518790217,0.20467458979214656,0
243,2530.0,0.2531452935891952,0.16772955322043,0
244,2540.0,0.211159874238547,0.1265349758731453,0
245,2550.0,0.2990267182117873,0.19061677012964506,0
246,2560.0,0.2628563475718181,0.1615189651333206,0
247,2570.0,0.1515209409066987,0.08798509321078157,0
248,2580.0,0.16943906065230335,0.08819406414869671,0
249,2590.0,0.16898344329572856,0.10052879425484723,0
250,2600.0,0.17143791717744153,0.10148881424340432,0
251,2610.0,0.1709879862716986,0.09370010348399145,0
252,2620.0,0.1832566478950166,0.09681729739143857,0
253,2630.0,0.19337570730062706,0.09604399182907072,0
254,2640.0,0.2151963549914901,0.10981420366039917,0
255,2650.0,0.23321701044848336,0.11998452249076595,0
256,2660.0,0.17143615713067512,0.0860179174428345,0
257,2670.0,0.13889535996282174,0.0738180126652676,0
258,2680.0,0.15244761589688752,0.07360032853267819,0
259,2690.0,0.1294909377516192,0.06111935266799786,0
260,2700.0,0.12753777691731605,0.07949891418246491,0
261,2710.0,0.12110029156806433,0.07159274125981059,0
262,2720.0,0.1438632384143219,0.09823057905772961,0
263,2730.0,0.11776409401680227,0.06875068494218392,0
264,2740.0,0.16766744290210714,0.1022397766535836,0
265,2750.0,0.17797724721389582,0.10978712004791741,0
266,2760.0,0.19803041881783573,0.11506794622153309,0
267,2770.0,0.14611991674327643,0.08179419126202972,0
268,2780.0,0.14041185477376894,0.08893563610032712,0
269,2790.0,0.15969618035841399,0.10096191210695511,0
270,2800.0,0.18477439842239377,0.1081882408238224,0
271,2810.0,0.228784630871331,0.12484371769586002,0
272,2820.0,0.29944727395210985,0.1601198511025364,0
273,2830.0,0.2692748754553929,0.1414936371501097,0
274,2840.0,0.1729176547452828,0.10059824064892302,0
275,2850.0,0.18837665793227032,0.11896003376410572,0
0,100.0,0.28569420250896294,0.159767347669799,1
1,110.0,0.27679378367303153,0.15447633725467033,1
2,120.0,0.22391478962437103,0.14401271905336402,1
3,130.0,0.18715622931683276,0.1057429642506764,1
4,140.0,0.19640332948924907,0.10534561367537092,1
5,150.0,0.1762680085318906,0.10321308247160331,1
6,160.0,0.19182629038883972,0.11356936345527582,1
7,170.0,0.19510357150566607,0.11194460704234836,1
8,180.0,0.20704061236859486,0.10962148522456684,1
9,190.0,0.21109465776413996,0.11057824685058082,1
10,200.0,0.19744933780255153,0.1075917474527356,1
11,210.0,0.1952275235228268,0.10119375548485149,1
12,220.0,0.1982328113507163,0.10487424303088642,1
13,230.0,0.19352031598636543,0.09848596606356476,1
14,240.0,0.2143305274517344,0.11711342905012159,1
15,250.0,0.17733181475651894,0.09710825829860299,1
16,260.0,0.15636377668771645,0.08478300741822503,1
17,270.0,0.1419618941596543,0.07798406550694992,1
18,280.0,0.14138533294786504,0.08709988486012941,1
19,290.0,0.15407187876479428,0.0902516662538349,1
20,300.0,0.17166920415030587,0.10557117074232056,1
21,310.0,0.22011621803157194,0.09862397325452504,1
22,320.0,0.1816616829640411,0.09322428454808811,1
23,330.0,0.18795664162837392,0.08646433532532055,1
24,340.0,0.21773694504420948,0.10072138054328839,1
25,350.0,0.1942995369210774,0.0883505977265846,1
26,360.0,0.1781474720247102,0.0890632829366838,1
27,370.0,0.18532096001290413,0.1112118357296442,1
28,380.0,0.26250168957184405,0.16228685595186407,1
29,390.0,0.29055075042660317,0.17611187832975844,1
30,400.0,0.23785874530583162,0.14248617471137062,1
31,410.0,0.23447837971424207,0.1295276387177829,1
32,420.0,0.20921618493100053,0.11141072184197702,1
33,430.0,0.15090754024446176,0.0956581396930333,1
34,440.0,0.1554570199776751,0.10729856499004843,1
35,450.0,0.15950614069185592,0.10947066524842772,1
36,460.0,0.13939564658955217,0.08823428944043357,1
37,470.0,0.1726012396229982,0.11061488381253058,1
38,480.0,0.19615612630267848,0.12062901298606676,1
39,490.0,0.26425859224113146,0.1723831407956707,1
40,500.0,0.259437083234993,0.15567715927115564,1
41,510.0,0.4287045777058328,0.27663584139629666,1
42,520.0,0.45528346911694884,0.2958420944340997,1
43,530.0,0.3434998238854059,0.21535808628534528,1
44,540.0,0.2979615304349452,0.18641012352111339,1
45,550.0,0.32731243031889024,0.2130031445268562,1
46,560.0,0.3203184329440913,0.19911030326394638,1
47,570.0,0.3478862792237298,0.20355448379573637,1
48,580.0,0.33464649186021184,0.18302831437179354,1
49,590.0,0.348496056161485,0.18747498476991561,1
50,600.0,0.41755089946941937,0.2612597817378863,1
51,610.0,0.4399704457671748,0.26972731342733963,1
52,620.0,0.36750147856413906,0.21467299590900588,1
53,630.0,0.2646715176758238,0.13326430236350068,1
54,640.0,0.19779277439903367,0.10802756914985581,1
55,650.0,0.16921424587557762,0.0951608170151499,1
56,660.0,0.17168792478828881,0.10094765194959353,1
57,670.0,0.1759506670325732,0.10925561198886857,1
58,680.0,0.1942352631694202,0.11923413863644045,1
59,690.0,0.2292559600958985,0.14512907771422673,1
60,700.0,0.2550299264900281,0.16067164782014046,1
61,710.0,0.2500926448422582,0.1614802188427166,1
62,720.0,0.26737039918398364,0.17704528334462585,1
63,730.0,0.2956921967335318,0.16914070375098933,1
64,740.0,0.30273489060031794,0.16998166504117226,1
65,750.0,0.3060879848305876,0.18214397169248564,1
66,760.0,0.304273584527449,0.17731077002279805,1
67,770.0,0.2919278227169053,0.14838887304017953,1
68,780.0,0.2877171832111195,0.12812624997508423,1
69,790.0,0.3306030321413182,0.17136372990086224,1
70,800.0,0.3522219263843618,0.19184152262875656,1
71,810.0,0.2117390742002528,0.10711944125660981,1
72,820.0,0.17283516348894193,0.09594228637632501,1
73,830.0,0.21029370735088296,0.1069770329352925,1
74,840.0,0.2064419462343843,0.10516683112679755,1
75,850.0,0.1742276378457508,0.09440438071411997,1
76,860.0,0.15261717288956736,0.09861786533395364,1
77,870.0,0.21739497636578237,0.13725212642062715,1
78,880.0,0.2060387063206615,0.12580257862807634,1
79,890.0,0.17855434567757048,0.1278048632469208,1
80,900.0,0.20003132512732946,0.12928299820216213,1
81,910.0,0.20724739728496885,0.1302821888198747,1
82,920.0,0.2230354599224135,0.12452148321128956,1
83,930.0,0.22766955876690714,0.1186508592917307,1
84,940.0,0.25326904220740754,0.15635269880514402,1
85,950.0,0.31289972028816854,0.204126681009579,1
86,960.0,0.3310202826710633,0.20890699701539725,1
87,970.0,0.3006876356652767,0.18745637260080372,1
88,980.0,0.28837658967621393,0.18030195194846954,1
89,990.0,0.19042525398414376,0.10928952145203384,1
90,1000.0,0.21948860477045928,0.14743754585474883,1
91,1010.0,0.2555018310797843,0.17973709699559576,1
92,1020.0,0.3094890023867488,0.2404456603478454,1
93,1030.0,0.3696806206244662,0.2971322712580976,1
94,1040.0,0.44720434760790817,0.36375893694357164,1
95,1050.0,0.5139846821288208,0.40756938505635115,1
96,1060.0,0.5893279478847735,0.451938044536454,1
97,1070.0,0.6192276655921822,0.4589795862008338,1
98,1080.0,0.6772435935715545,0.45689210978392225,1
99,1090.0,0.6894188343603127,0.4479863449963213,1
100,1100.0,0.639382615133686,0.4221541107058376,1
101,1110.0,0.6290623434685835,0.4151617610351812,1
102,1120.0,0.6406734328853417,0.4130828878253051,1
103,1130.0,0.650302833812669,0.40835628913089694,1
104,1140.0,0.6220845287752745,0.37940709874365547,1
105,1150.0,0.5294279034652033,0.3021541319913852,1
106,1160.0,0.5364168485959211,0.28783828712257203,1
107,1170.0,0.5032068296439054,0.25368357136281333,1
108,1180.0,0.3768000016228688,0.1968992981179905,1
109,1190.0,0.33095394970734626,0.2172279339541712,1
110,1200.0,0.34407221178889985,0.2241470277345813,1
111,1210.0,0.36187959150818605,0.23078340640835435,1
112,1220.0,0.39459250123113904,0.24832137260410725,1
113,1230.0,0.4137367776506155,0.254111595603747,1
114,1240.0,0.423510127829029,0.24588264450783245,1
115,1250.0,0.44028394265788084,0.24360444256311065,1
116,1260.0,0.4626117284565059,0.24875183103933712,1
117,1270.0,0.4467135875473729,0.2319646230088608,1
118,1280.0,0.3867484443579091,0.22827672353118234,1
119,1290.0,0.37743383099350486,0.23438706270819912,1
120,1300.0,0.38831928669470017,0.22381612855374347,1
121,1310.0,0.4019990270380307,0.2221936112172177,1
122,1320.0,0.398228577525679,0.2248899385672414,1
123,1330.0,0.37225767584798963,0.2130039514436901,1
124,1340.0,0.34188756254887925,0.1956305572322227,1
125,1350.0,0.3380672858538547,0.19550939893423305,1
126,1360.0,0.34323492570614733,0.1983730580236028,1
127,1370.0,0.33738817778450425,0.18878975299738315,1
128,1380.0,0.31556236617363764,0.18082460430752118,1
129,1390.0,0.2862776343216068,0.16483319236009075,1
130,1400.0,0.28784877609299275,0.16584566665595277,1
131,1410.0,0.29555593749905174,0.17024430643975222,1
132,1420.0,0.33918959889157485,0.20289113214476365,1
133,1430.0,0.33198879921591695,0.20335454659157762,1
134,1440.0,0.3628952665022995,0.2309269888475851,1
135,1450.0,0.3781454196760788,0.23882376776740422,1
136,1460.0,0.3933581545549161,0.2642275610926365,1
137,1470.0,0.39890172807508156,0.271198835220607,1
138,1480.0,0.40683679322441535,0.27876469281712163,1
139,1490.0,0.4220218750459501,0.28214803764738267,1
140,1500.0,0.43088226958175424,0.2804937764419535,1
141,1510.0,0.3822603389437645,0.24832650473115406,1
142,1520.0,0.2952258051002722,0.18588889031128836,1
143,1530.0,0.30745694580018157,0.19394104757197805,1
144,1540.0,0.3207169897447793,0.19055231748626758,1
145,1550.0,0.25741903634086916,0.17428268644249192,1
146,1560.0,0.22895628477254412,0.1732888984308309,1
147,1570.0,0.23508259063086992,0.17531044245251592,1
148,1580.0,0.2538818825271511,0.17871560074791687,1
149,1590.0,0.3041456442919055,0.19906741103551168,1
150,1600.0,0.2342845969556767,0.15610589115392004,1
151,1610.0,0.15074284416989026,0.09944795410629363,1
152,1620.0,0.1590145210842689,0.10286270579204461,1
153,1630.0,0.31950656019915813,0.22194578089123998,1
154,1640.0,0.3532172299904231,0.2368185333903571,1
155,1650.0,0.18810752243393544,0.11065370700254662,1
156,1660.0,0.14410906768903892,0.08291165214631867,1
157,1670.0,0.17221604715456387,0.10390008483040376,1
158,1680.0,0.16194630541608626,0.09624331726510234,1
159,1690.0,0.15979650715790142,0.09452813976938067,1
160,1700.0,0.14548832807319814,0.0888722182248064,1
161,1710.0,0.1558267016001423,0.10019212092659525,1
162,1720.0,0.14870568146731844,0.09282536529158693,1
163,1730.0,0.17639770024067916,0.10262192879290799,1
164,1740.0,0.2630427672431394,0.1714886801724195,1
165,1750.0,0.17520759638303068,0.08877245238367701,1
166,1760.0,0.1841616475629889,0.10035631869961051,1
167,1770.0,0.20654402016732065,0.09701656010695416,1
168,1780.0,0.1995862594425981,0.09120056597399177,1
169,1790.0,0.20545858662846767,0.09979056051779761,1
170,1800.0,0.2744987481552622,0.16111777863123203,1
171,1810.0,0.32774716892213784,0.18766344041651903,1
172,1820.0,0.26623946521635433,0.1503245979401622,1
173,1830.0,0.15645467128828644,0.1013170730920628,1
174,1840.0,0.1515796852684142,0.10108112438443871,1
175,1850.0,0.1629818601856685,0.11006451327525635,1
176,1860.0,0.18636529477383573,0.11631313550827821,1
177,1870.0,0.20179877078950378,0.12373614879781251,1
178,1880.0,0.20246018139105887,0.12214712513921937,1
179,1890.0,0.19987571852359873,0.11844170749511494,1
180,1900.0,0.19813524156695575,0.12064241089928837,1
181,1910.0,0.2076322347852349,0.12388549471290153,1
182,1920.0,0.20027834618813675,0.12333150481579881,1
183,1930.0,0.19832803121413736,0.12081762519480407,1
184,1940.0,0.2160982147305578,0.13396516889156243,1
185,1950.0,0.2120850517933465,0.13103937038686372,1
186,1960.0,0.2393262314847866,0.14841321211756733,1
187,1970.0,0.22714162917240896,0.14269513843499596,1
188,1980.0,0.26343183463548675,0.1626876231573499,1
189,1990.0,0.3214096989918736,0.17614545913330534,1
190,2000.0,0.3174173141177151,0.17543421161437253,1
191,2010.0,0.2759867846205268,0.1814580378735403,1
192,2020.0,0.33532869254584674,0.21980759960827112,1
193,2030.0,0.30364493431760964,0.18915545265314346,1
194,2040.0,0.2916562066735766,0.1784314340548565,1
195,2050.0,0.26483661299520633,0.14570692641448116,1
196,2060.0,0.2744309141077229,0.14677376990558302,1
197,2070.0,0.3115442775205205,0.18234240417952416,1
198,2080.0,0.33398625097960666,0.19362370828624637,1
199,2090.0,0.29156850968626874,0.16271938648834003,1
200,2100.0,0.21721658831745144,0.13042129124591914,1
201,2110.0,0.2022711310850286,0.12172320453017726,1
202,2120.0,0.18080794470494344,0.11706256449774273,1
203,2130.0,0.17879599793482875,0.11554560431597154,1
204,2140.0,0.18540781148331406,0.1073687895325416,1
205,2150.0,0.21148730080997521,0.1243474662838567,1
206,2160.0,0.2560054558880878,0.16570573421199,1
207,2170.0,0.25068152564317325,0.15017146514808538,1
208,2180.0,0.2070332794122608,0.12198323293521367,1
209,2190.0,0.17471150881863454,0.09632095604048235,1
210,2200.0,0.14990820953460277,0.09458500436119535,1
211,2210.0,0.16847878638260025,0.1092057740604727,1
212,2220.0,0.17415624188146686,0.10654162199401909,1
213,2230.0,0.18954157123354035,0.11168106930972599,1
214,2240.0,0.20197961237874473,0.11534334689765542,1
215,2250.0,0.2268342553753316,0.12950709688280246,1
216,2260.0,0.24760615568091618,0.14631773157355796,1
217,2270.0,0.2822294279857705,0.16287811293479149,1
218,2280.0,0.28440241761829926,0.16662878705551984,1
219,2290.0,0.210076681454402,0.12119971565369052,1
220,2300.0,0.18839069581955392,0.12283000150301246,1
221,2310.0,0.22177210128410715,0.1388631016820268,1
222,2320.0,0.254957634823723,0.15810436799183822,1
223,2330.0,0.3031536337437122,0.1962685395884733,1
224,2340.0,0.35083699898280396,0.21806093220891556,1
225,2350.0,0.42400727849891706,0.23676896706749143,1
226,2360.0,0.4624968589772475,0.23074851985986727,1
227,2370.0,0.46765521616700345,0.2754599744744666,1
228,2380.0,0.4778140241286037,0.2738499542941392,1
229,2390.0,0.4831932658239868,0.24886895825986433,1
230,2400.0,0.46183162494490526,0.23932170361513835,1
231,2410.0,0.4420009005207185,0.25550985171231555,1
232,2420.0,0.4598530893499475,0.2524157711253375,1
233,2430.0,0.4690397432457275,0.24175096298421148,1
234,2440.0,0.4094702745475731,0.244653899141246,1
235,2450.0,0.3459430442419992,0.23428932241024839,1
236,2460.0,0.36695426135244863,0.2521016739463529,1
237,2470.0,0.39599736483361886,0.26903404316208324,1
238,2480.0,0.42190384719727975,0.2660213286947937,1
239,2490.0,0.4240215810788581,0.2622822296263359,1
240,2500.0,0.43323112707475847,0.27714418260550755,1
241,2510.0,0.4876747200208607,0.3240277943586783,1
242,2520.0,0.6033749920098677,0.40393956238837386,1
243,2530.0,0.2952904498718698,0.19973264985745398,1
244,2540.0,0.47645385568099974,0.260169639540383,1
245,2550.0,0.3155128676414392,0.1755994265673429,1
246,2560.0,0.2567912570808696,0.14938200821007966,1
247,2570.0,0.2852205535552088,0.16826165357672088,1
248,2580.0,0.310711878364238,0.18185033878726867,1
249,2590.0,0.35454125314468893,0.19680478938475116,1
250,2600.0,0.47569403655536563,0.2612316734080576,1
251,2610.0,0.3877274500187903,0.20633415897996854,1
252,2620.0,0.3265171472387217,0.2109880259172256,1
253,2630.0,0.37739054321583215,0.246029800261247,1
254,2640.0,0.42664257121676163,0.2928682658265336,1
255,2650.0,0.504192348662782,0.3329812613547721,1
256,2660.0,0.5457210298237678,0.33026102965599635,1
257,2670.0,0.5406442158930941,0.32169873989214093,1
258,2680.0,0.5392364481355059,0.3196724912191715,1
259,2690.0,0.5666757847558888,0.3369140605865239,1
260,2700.0,0.5871522559384323,0.34421899781006493,1
261,2710.0,0.6114336718526552,0.3437956695025793,1
262,2720.0,0.6258524224914332,0.30324563116438413,1
263,2730.0,0.6488765002947183,0.29843362674520774,1
264,2740.0,0.6936149884827695,0.3188087232399326,1
265,2750.0,0.698585955184929,0.2980208645985092,1
266,2760.0,0.5377441884008162,0.24504100458180528,1
267,2770.0,0.2980583162645509,0.1731715665449034,1
268,2780.0,0.29642799687592447,0.1760561808617391,1
269,2790.0,0.4585877831425151,0.2679234756669494,1
270,2800.0,0.3967926589281282,0.21635519183077853,1
271,2810.0,0.30563711719469194,0.14876716332483583,1
272,2820.0,0.2755349019990247,0.14547787689481095,1
273,2830.0,0.3177478881254702,0.19747126974064286,1
274,2840.0,0.3319383782072208,0.20405384110394126,1
275,2850.0,0.36193006178958764,0.21942096897066274,1
276,2860.0,0.3939149612688135,0.23086827912186392,1
277,2870.0,0.3893443552011165,0.20966897685065605,1
278,2880.0,0.32392761500917067,0.1854896216171849,1
279,2890.0,0.7399096270282843,0.4991784192234877,1
280,2900.0,1.1891986515443154,0.7589317524857162,1
281,2910.0,0.7970260982859468,0.49952395972518465,1
282,2920.0,0.5242492316644823,0.3060882034382437,1
283,2930.0,0.41151024126030333,0.20073656359409192,1
284,2940.0,0.5272132864188445,0.2971351171053131,1
285,2950.0,0.6249150546325631,0.3536976282506661,1
286,2960.0,0.5354038688891537,0.2997127829401795,1
287,2970.0,0.47753978254544854,0.2807312495374538,1
288,2980.0,0.49320247488530977,0.2881139067922121,1
289,2990.0,0.4896034009351147,0.2791573800025538,1
290,3000.0,0.5072615694122609,0.27937635995689925,1
291,3010.0,0.49001337714872756,0.27614808833061927,1
292,3020.0,0.46734031666768994,0.28679013357687816,1
293,3030.0,0.49793648301371957,0.3236716878550946,1
294,3040.0,0.5226780697978477,0.3375623793541433,1
295,3050.0,0.5174765379222211,0.3366086935381875,1
296,3060.0,0.5022742322396219,0.3222535681210768,1
297,3070.0,0.5024280646839446,0.3229631889478933,1
298,3080.0,0.48556251290721597,0.33438423063488554,1
299,3090.0,0.4881458202762942,0.3510086327010221,1
300,3100.0,0.47729686181122366,0.34670289736553694,1
301,3110.0,0.49277752684398,0.3489936900034688,1
302,3120.0,0.5008808587059393,0.34801907973110213,1
303,3130.0,0.5859667512563431,0.3917314966667505,1
304,3140.0,0.609545213499138,0.38740961521917433,1
305,3150.0,0.5157315195745094,0.3099159705439191,1
306,3160.0,0.38652638964903363,0.22990833160352855,1
307,3170.0,0.28372288267209,0.19137526373911032,1
308,3180.0,0.2794885552247062,0.19765263764282756,1
309,3190.0,0.32016951862051146,0.22582241641996884,1
310,3200.0,0.3782941048676047,0.26778984535686823,1
311,3210.0,0.430224666990589,0.31734221389375994,1
312,3220.0,0.4568145521027169,0.33725668686757077,1
313,3230.0,0.5068438291986125,0.3756843808842008,1
314,3240.0,0.5211802690871196,0.3841150976634515,1
315,3250.0,0.5580981160822526,0.3955927106533387,1
316,3260.0,0.5626588490366047,0.3812779303178438,1
317,3270.0,0.5729909080387144,0.40299461665323605,1
318,3280.0,0.5586534104676927,0.38718731606265633,1
319,3290.0,0.5840259895574638,0.38854129865867576,1
320,3300.0,0.5446804991886448,0.3604812670048088,1
321,3310.0,0.49986348032127625,0.32858822587476433,1
322,3320.0,0.43044041020491725,0.2703448951659607,1
323,3330.0,0.40016950756270164,0.2438356141139825,1
324,3340.0,0.3075191861975778,0.1704876041329056,1
325,3350.0,0.19965151621295124,0.13032500779588832,1
326,3360.0,0.2025365906823078,0.13492328687021884,1
327,3370.0,0.22937467128554345,0.14465959261086261,1
328,3380.0,0.2956917760503804,0.17074360428535354,1
329,3390.0,0.2592279593023413,0.1488828368927744,1
330,3400.0,0.21795100029446568,0.13083133904997557,1
331,3410.0,0.21661889106084925,0.12401029875204916,1
332,3420.0,0.2131599755418295,0.10902392570551662,1
333,3430.0,0.2571470439692933,0.1314361824071397,1
334,3440.0,0.21215917080901883,0.1367651079703389,1
335,3450.0,0.14630433417790284,0.08848187145444844,1
336,3460.0,0.16164835501202426,0.0941414355593689,1
337,3470.0,0.1728898543917809,0.10663322851615042,1
338,3480.0,0.17547382806057812,0.08964702629073482,1
339,3490.0,0.23765779755630392,0.16146469117575404,1
340,3500.0,0.2465628836317287,0.15807338804632168,1
341,3510.0,0.3153408207429351,0.21268384966429688,1
342,3520.0,0.31163098681267454,0.19750137916920033,1
343,3530.0,0.4018589024753887,0.2580915753189443,1
344,3540.0,0.36040716081635454,0.22693989901277065,1
345,3550.0,0.4117407481197007,0.30667591374488506,1
346,3560.0,0.37574096887253466,0.27710760195353934,1
347,3570.0,0.43537574022118913,0.3168772744432266,1
348,3580.0,0.3820350363882261,0.2522404906098376,1
349,3590.0,0.4456829605375361,0.2852794037452518,1
350,3600.0,0.45148457396905994,0.28738779835971556,1
351,3610.0,0.6613638005710627,0.41654403862768485,1
352,3620.0,0.4561414565440839,0.257531547919864,1
353,3630.0,0.25733554263036057,0.17134771962916223,1
354,3640.0,0.31574100943824385,0.2187991528259933,1
355,3650.0,0.40845366185572896,0.23039915752154727,1
356,3660.0,0.4179160661221474,0.25528284880385127,1
357,3670.0,0.44283381232628993,0.3160916646837389,1
358,3680.0,0.46482751174774223,0.31601049357963484,1
359,3690.0,0.44294323184273066,0.2961854415772919,1
360,3700.0,0.39038882032169553,0.2646432706740379,1
361,3710.0,0.38413270645140035,0.2582841397123566,1
362,3720.0,0.4271077868931934,0.2851162046083814,1
363,3730.0,0.4832810407080177,0.3274982522898414,1
364,3740.0,0.5593998029743259,0.3717813488691348,1
365,3750.0,0.6260343493163726,0.41257458019584814,1
366,3760.0,0.7044085808000261,0.4644044720835505,1
367,3770.0,0.772266426499561,0.5010230496178525,1
368,3780.0,0.84820934151138,0.5500303513498738,1
369,3790.0,0.8691368990963136,0.5468371323149273,1
370,3800.0,0.7766533497532082,0.4862457417236594,1
371,3810.0,0.6509924083300631,0.39714901225655397,1
372,3820.0,0.5486249803488296,0.33312360210086545,1
373,3830.0,0.5210726571773938,0.3175696657532604,1
374,3840.0,0.44849660190305496,0.29920615261598976,1
375,3850.0,0.45622961694558334,0.3517825653164118,1
376,3860.0,0.47287252799909874,0.3426889684614247,1
377,3870.0,0.48809043750553643,0.3458078374176647,1
378,3880.0,0.48047982268816064,0.3560831277870606,1
379,3890.0,0.4855964899874575,0.3424957950341779,1
380,3900.0,0.479100908045833,0.3336851063594063,1
381,3910.0,0.4781880715020181,0.33724424303902095,1
382,3920.0,0.4309151192361945,0.30104255458632523,1
383,3930.0,0.47146809099094267,0.30435226058763204,1
384,3940.0,0.44093241897141905,0.2756727165126903,1
385,3950.0,0.5965636688474671,0.35725204125334703,1
386,3960.0,0.6096049778378609,0.34994721995583167,1
387,3970.0,0.5114008213879021,0.28294833678793907,1
388,3980.0,0.4667171919276639,0.2668777962329285,1
389,3990.0,0.1853001787351847,0.10842050199104564,1
390,4000.0,0.16821618375332256,0.08372036613389382,1
391,4010.0,0.17625898327220535,0.09921212966405024,1
392,4020.0,0.18843312799952613,0.11813026665307651,1
393,4030.0,0.2280386041712482,0.15101858971419388,1
394,4040.0,0.2632157498888606,0.18260187339136605,1
395,4050.0,0.2925699349747357,0.20319212793969518,1
396,4060.0,0.323452526201274,0.22254707493484063,1
397,4070.0,0.358751532500599,0.24126017996399887,1
398,4080.0,0.41486162536470805,0.2650792955410743,1
399,4090.0,0.45836473620694873,0.2863410858926758,1
400,4100.0,0.41392280375504964,0.24004170901409447,1
401,4110.0,0.3276534229874694,0.19522659566976847,1
402,4120.0,0.3536771140713596,0.20031533921856481,1
403,4130.0,0.33629231846062585,0.18622605710759008,1
404,4140.0,0.316664603124036,0.1670519168573635,1
405,4150.0,0.307486817147358,0.15976070685428476,1
406,4160.0,0.31260401380739944,0.18707462337126943,1
407,4170.0,0.3374492241653828,0.20047685335230442,1
408,4180.0,0.36731680595858696,0.21378240793052047,1
409,4190.0,0.4096586332183091,0.22303773106994623,1
410,4200.0,0.43694792117895637,0.2309791090215449,1
411,4210.0,0.4713418830772452,0.24045505223845998,1
412,4220.0,0.5231667774602051,0.27655017416514693,1
413,4230.0,0.6090239622964169,0.35589889532380914,1
414,4240.0,0.9035382542587967,0.5290395616472388,1
415,4250.0,0.6903314343761366,0.40738906727122176,1
416,4260.0,0.9620979054257165,0.722639875225775,1
417,4270.0,0.7033170519971579,0.5486820060324218,1
418,4280.0,0.9257213843470414,0.8089933076871282,1
419,4290.0,0.6223227878324239,0.5301502411380757,1
420,4300.0,0.9498469125489388,0.8205753591784628,1
421,4310.0,0.538680981876282,0.4604161271236043,1
422,4320.0,1.0032319208671423,0.8600353539335625,1
423,4330.0,0.532005400030377,0.40783485950518766,1
424,4340.0,1.044093762077331,0.8580810755910632,1
425,4350.0,0.6034010020032301,0.4782768607390135,1
426,4360.0,0.9618689984398214,0.6542110879522198,1
427,4370.0,1.261578880004761,0.8595394786411255,1
428,4380.0,0.8664647870842395,0.6268500943007045,1
429,4390.0,0.5370473075974979,0.34934901774122695,1
430,4400.0,0.5914565751896941,0.30375359918927736,1
431,4410.0,0.598518488049598,0.4250435421864058,1
432,4420.0,0.6117345446030334,0.4369243860507111,1
433,4430.0,0.616745104840365,0.42327486191874236,1
434,4440.0,0.6146828542605738,0.4086319529402547,1
435,4450.0,0.6225860902953937,0.39543924943896114,1
436,4460.0,0.6441071208597855,0.3973185880142586,1
437,4470.0,0.724525650822133,0.4338192510722438,1
438,4480.0,0.6637177267339526,0.3848031932811933,1
439,4490.0,0.6288129891722154,0.34552203206613247,1
440,4500.0,0.5889845228348464,0.31612728716995986,1
441,4510.0,0.3245432457854014,0.1848530471779896,1
442,4520.0,0.3015322929445683,0.1566581276904362,1
443,4530.0,0.3801866272165521,0.20158374053041636,1
444,4540.0,0.3992105610686507,0.2110293058559643,1
445,4550.0,0.45304255558698214,0.23901046007871854,1
446,4560.0,0.4488896412652201,0.2257674790609692,1
447,4570.0,0.3695896447453496,0.1932206817000144,1
448,4580.0,0.2854506983898064,0.16773412856731604,1
449,4590.0,0.19847003285102569,0.12502940882926195,1
450,4600.0,0.20234417284433992,0.12028210786745937,1
451,4610.0,0.233805184248062,0.13024121371244254,1
452,4620.0,0.23941157619340178,0.1258069411372954,1
453,4630.0,0.21549814478647047,0.10346576383923384,1
454,4640.0,0.24473201358993563,0.1127722177311985,1
455,4650.0,0.24807639755787442,0.14293632388576483,1
456,4660.0,0.1797799366302148,0.11247410745985728,1
457,4670.0,0.2028938340724712,0.1390091002457649,1
458,4680.0,0.28367528624526706,0.1939607125417687,1
459,4690.0,0.31975515193019094,0.2174327616617291,1
460,4700.0,0.3272154676364674,0.22536160038499645,1
461,4710.0,0.33476589826293557,0.2268654647864155,1
462,4720.0,0.36393730811079494,0.23242866199336487,1
463,4730.0,0.3681551467804015,0.22722858358655942,1
464,4740.0,0.3171229841875499,0.20972545468462353,1
465,4750.0,0.3724427745458291,0.217480255483551,1
466,4760.0,0.3712307917143718,0.20502389760368658,1
467,4770.0,0.2701628982548641,0.15708207377198227,1
468,4780.0,0.18928172870060078,0.1197288543093676,1
469,4790.0,0.17856690979278209,0.11018044260671661,1
470,4800.0,0.23896576729200308,0.13753990717173392,1
471,4810.0,0.24604581175542134,0.13205571381173956,1
472,4820.0,0.18548880686528643,0.111159359789933,1
473,4830.0,0.22209122439932252,0.1461624981186751,1
474,4840.0,0.3087465372089287,0.21167527481122975,1
475,4850.0,0.35353429348204535,0.2505649710929113,1
476,4860.0,0.3584776991660411,0.2667859741476668,1
477,4870.0,0.3611009376664267,0.26601107509232175,1
478,4880.0,0.37878441264192697,0.2686301208259189,1
479,4890.0,0.36363310131662635,0.25199272325501143,1
480,4900.0,0.3482593069343724,0.23936460562865974,1
481,4910.0,0.38785723464040506,0.23776648278750437,1
482,4920.0,0.3960075132247404,0.22329655046044278,1
483,4930.0,0.3718558580369832,0.21071553882898433,1
484,4940.0,0.3588038798815073,0.21001107556515497,1
485,4950.0,0.3684012022523808,0.2346440877936765,1
486,4960.0,0.37988627081266607,0.26088331352869554,1
487,4970.0,0.38610059832965327,0.2870014049714913,1
488,4980.0,0.3982762403771481,0.28721203439982645,1
489,4990.0,0.44087787441197995,0.2829581025382834,1
490,5000.0,0.4513101139196577,0.2782495305639463,1
491,5010.0,0.41333511041150406,0.25552762737101764,1
492,5020.0,0.3634517546968525,0.23245655786483904,1
493,5030.0,0.31035179733031626,0.1970950732094909,1
494,5040.0,0.25376215808678854,0.16068657549012477,1
495,5050.0,0.29027575462545935,0.189069968316749,1
496,5060.0,0.38550925715347656,0.2513790011154961,1
497,5070.0,0.382016505375696,0.24261365371204896,1
498,5080.0,0.3998270221777513,0.25100653096544334,1
499,5090.0,0.38763671420187185,0.23433859692237965,1
500,5100.0,0.39373636810373763,0.239628864315544,1
501,5110.0,0.41208101478370684,0.23866731154741133,1
502,5120.0,0.4221913175089941,0.23764969883354053,1
503,5130.0,0.4194639221990558,0.2375203141501358,1
504,5140.0,0.44317732110662844,0.23875461720534716,1
505,5150.0,0.451329151736493,0.22688585811680606,1
506,5160.0,0.3684567006051383,0.1586212037509988,1
507,5170.0,0.3396666336115799,0.1246428718972318,1
508,5180.0,0.34157437683767783,0.11002472203930798,1
509,5190.0,0.2758689555655467,0.1237533374969304,1
510,5200.0,0.2596934264070673,0.16897566571632258,1
511,5210.0,0.25541015533838746,0.1614364189893706,1
512,5220.0,0.2706618440951244,0.16360232291623897,1
513,5230.0,0.2910249169266855,0.1688387332767419,1
514,5240.0,0.2833723803545938,0.16002635608853288,1
515,5250.0,0.233428479456483,0.13117624759372318,1
516,5260.0,0.19782672126498138,0.11914535150605066,1
517,5270.0,0.19167281232474961,0.11609627684125967,1
518,5280.0,0.2086672115355066,0.12670854311537683,1
519,5290.0,0.21643238296237266,0.13247867035962943,1
520,5300.0,0.2055142510080051,0.12507573724308219,1
521,5310.0,0.20884467250183703,0.1316641571381762,1
522,5320.0,0.2345863039077139,0.14184464615283612,1
523,5330.0,0.262419018400406,0.15425134140527902,1
524,5340.0,0.2655004097785656,0.1581166578018288,1
525,5350.0,0.35838141342122704,0.21686863421060712,1
526,5360.0,0.45874761987568247,0.26079289385308224,1
527,5370.0,0.47645373850476114,0.271247222718035,1
528,5380.0,0.44832340994717007,0.26026980695102325,1
529,5390.0,0.40581036068781573,0.2374288861891332,1
530,5400.0,0.4281789130980904,0.25323103177681655,1
531,5410.0,0.4347916454100194,0.27171188922595213,1
532,5420.0,0.33299894858653384,0.2106572848836794,1
533,5430.0,0.3327184013529274,0.21341905930189975,1
534,5440.0,0.40437174464474973,0.2650316724490234,1
535,5450.0,0.49761954381585555,0.3201586508921373,1
536,5460.0,0.5516177548862498,0.36865195372466264,1
537,5470.0,0.538724582546944,0.38684226101241487,1
538,5480.0,0.547949132426239,0.42705778931209676,1
539,5490.0,0.5360266119409068,0.41023182982855066,1
540,5500.0,0.573952996697044,0.39053241857645854,1
541,5510.0,0.5665096886076566,0.38990194392163485,1
542,5520.0,0.5829544925217314,0.41717505223975404,1
543,5530.0,0.6081159877806064,0.41531932993776655,1
544,5540.0,0.6537583657360596,0.41901293451258903,1
545,5550.0,0.6812207891323387,0.42214920202434386,1
546,5560.0,0.6998133373095644,0.426782495397109,1
547,5570.0,0.6619849231469601,0.39287530206032245,1
548,5580.0,0.6487197988131634,0.36738899193499563,1
549,5590.0,0.6312950227501212,0.3404908183608666,1
550,5600.0,0.5651712374100464,0.3170047812838022,1
551,5610.0,0.49656316809471573,0.3092546996904192,1
552,5620.0,0.4416770701971418,0.2922554876010992,1
553,5630.0,0.48930791549699,0.3041822531408218,1
554,5640.0,0.5147529735493293,0.3045467588885779,1
555,5650.0,0.49689881924761703,0.31547659081089047,1
556,5660.0,0.5048412872206994,0.3429974764150067,1
557,5670.0,0.5456287990846657,0.3815675846876639,1
558,5680.0,0.5574231789132699,0.40845975789185884,1
559,5690.0,0.5850458658457132,0.4369258705241599,1
0,100.0,0.669917114147856,0.44928740222657876,2
1,110.0,0.6849045132684018,0.44839723947361865,2
2,120.0,0.6365627896595293,0.4096103260169407,2
3,130.0,0.6434755615234748,0.39451912226871944,2
4,140.0,0.6130668133739401,0.3615213894081132,2
5,150.0,0.5033858179198034,0.27694619121912417,2
6,160.0,0.40154118120824744,0.22780553881271864,2
7,170.0,0.3794393220516599,0.23264988829394248,2
8,180.0,0.3897301153490571,0.2568194466138557,2
9,190.0,0.4252896214585389,0.2908776701889318,2
10,200.0,0.478044017974786,0.3303935679825707,2
11,210.0,0.5662159907091122,0.37828276429552565,2
12,220.0,0.6074611055341769,0.3891497669744679,2
13,230.0,0.6235894553188455,0.4069027236737177,2
14,240.0,0.6191917799524825,0.41082907095651733,2
15,250.0,0.6209384512163034,0.41534712448871997,2
16,260.0,0.6197168206016035,0.42001518912802094,2
17,270.0,0.6257107683802745,0.4076619215607044,2
18,280.0,0.6406106257110609,0.418814949452265,2
19,290.0,0.6786867057409437,0.4250269077523294,2
20,300.0,0.6900517586198923,0.4090408523789005,2
21,310.0,0.6363486331558963,0.3620514974188738,2
22,320.0,0.5387527674123678,0.29554003902975645,2
23,330.0,0.4646297014709825,0.27317080949499434,2
24,340.0,0.4525087916960927,0.29775865575021676,2
25,350.0,0.4731521722272281,0.3137257953914932,2
26,360.0,0.49360549896646577,0.30824490314175274,2
27,370.0,0.5040080248419828,0.3109654802459759,2
28,380.0,0.5322735499653621,0.31492992784851326,2
29,390.0,0.5388625699198449,0.30391453063059665,2
30,400.0,0.5048784560917265,0.28263880950801124,2
31,410.0,0.3857165756215762,0.19855209113603806,2
32,420.0,0.2645690803010064,0.14888191233561562,2
33,430.0,0.29985158619463187,0.20414921611362777,2
34,440.0,0.3079349526351318,0.19053918064278938,2
35,450.0,0.31259680985920857,0.21036197531131415,2
36,460.0,0.2934177321216226,0.17421673066353016,2
37,470.0,0.35372102155675533,0.20819458535740099,2
38,480.0,0.3121719055972724,0.15449852928696964,2
39,490.0,0.3958097400162988,0.1870936063239643,2
40,500.0,0.41819323715184226,0.20263730755624793,2
41,510.0,0.35162124705474807,0.19321594793513014,2
42,520.0,0.19576906771304647,0.1356507295070642,2
43,530.0,0.27346563571530824,0.13472331568378781,2
44,540.0,0.23943939761234626,0.1733423824593953,2
45,550.0,0.2388104024309591,0.171083319360793,2
46,560.0,0.2959889499071994,0.20098933776085443,2
47,570.0,0.32663467970073784,0.20851023040300448,2
48,580.0,0.3449176804548666,0.21407306000956997,2
49,590.0,0.330909768949445,0.19717854192941542,2
50,600.0,0.3366864470142394,0.20291020950259434,2
51,610.0,0.34425189688876373,0.20064361103077363,2
52,620.0,0.3503120875623349,0.2054215125348687,2
53,630.0,0.37396133658874003,0.2144814657043047,2
54,640.0,0.3524265590781081,0.1984264319693983,2
55,650.0,0.31356695490112646,0.19884344374905794,2
56,660.0,0.3515720327546953,0.2125875778655253,2
57,670.0,0.4039040814268806,0.2645748512574087,2
58,680.0,0.5116931258067293,0.3534300639300473,2
59,690.0,0.6054045542998707,0.4120132462350977,2
60,700.0,0.6809985783891053,0.46615852081279746,2
61,710.0,0.7232227402869169,0.5236180809019754,2
62,720.0,0.7759153053350979,0.5968800802760874,2
63,730.0,0.8092205831284315,0.584143450792434,2
64,740.0,0.8238579837178612,0.5692760179113308,2
65,750.0,0.8172822059374607,0.5698569634233288,2
66,760.0,0.8294490536638992,0.5681862542598175,2
67,770.0,0.8606967619547479,0.5574783554564562,2
68,780.0,0.8761792839203603,0.5499072935836049,2
69,790.0,0.8292800658177355,0.5119043575082521,2
70,800.0,0.754958883251601,0.44532817682682624,2
71,810.0,0.7120557951977734,0.40271026608997607,2
72,820.0,0.5655396938606312,0.3153949903554033,2
73,830.0,0.4462080938730257,0.26924510824228304,2
74,840.0,0.4271611461644134,0.27852609964757225,2
75,850.0,0.4544055781746827,0.2883623162660417,2
76,860.0,0.4890841573044728,0.3075096787411165,2
77,870.0,0.5375156677079383,0.3537689726310164,2
78,880.0,0.5601228725285357,0.37380069777498487,2
79,890.0,0.6096303139462914,0.4063717017536618,2
80,900.0,0.5996753766919272,0.4245360082393531,2
81,910.0,0.6203691298687218,0.4792840424863956,2
82,920.0,0.6446202183627644,0.4686934680486492,2
83,930.0,0.6612406058524861,0.46012042166339545,2
84,940.0,0.6527790495873063,0.4506471381778089,2
85,950.0,0.6763937091743689,0.47913943680105725,2
86,960.0,0.7052773779929226,0.49041418633218414,2
87,970.0,0.7025641024214468,0.4790860128798662,2
88,980.0,0.6275669261142175,0.425603037178426,2
89,990.0,0.5701112446881645,0.37586495359758687,2
90,1000.0,0.45511059147102256,0.29078594311236755,2
91,1010.0,0.32975927947921935,0.2004583636779752,2
92,1020.0,0.3024733721225243,0.18991593410187288,2
93,1030.0,0.3276581867454289,0.22327775694518917,2
94,1040.0,0.353365838342945,0.24412422316512256,2
95,1050.0,0.41985721664856307,0.30022075868017084,2
96,1060.0,0.41794827066301005,0.30303999517159036,2
97,1070.0,0.41661292485804113,0.30930926998104064,2
98,1080.0,0.4009446011461244,0.2794564083015348,2
99,1090.0,0.4024337595779448,0.26777845043062076,2
100,1100.0,0.4287798372511246,0.26905876855419203,2
101,1110.0,0.40468086451848073,0.2564015580247493,2
102,1120.0,0.3686049511816136,0.24320878956566466,2
103,1130.0,0.3888889047936044,0.2517714743667568,2
104,1140.0,0.33055249836117795,0.2048146797306839,2
105,1150.0,0.2793011228504032,0.1643264085770797,2
106,1160.0,0.24122407427220027,0.14600114341387568,2
107,1170.0,0.4786161988324912,0.3033798989327932,2
108,1180.0,0.47116805134169754,0.29330562403144245,2
109,1190.0,0.21868592970398568,0.11806806414839242,2
110,1200.0,0.12081982925446462,0.06686152562866314,2
111,1210.0,0.12388765121904298,0.07103495298435447,2
112,1220.0,0.11805505375210927,0.06549115363636701,2
113,1230.0,0.1336797705885761,0.06983712702194729,2
114,1240.0,0.12247422167775589,0.06683848724341422,2
115,1250.0,0.1337862880810851,0.08388025218013215,2
116,1260.0,0.16786643315386304,0.09249229432415015,2
117,1270.0,0.15765764443933528,0.09919549059916277,2
118,1280.0,0.14377682105470538,0.09962391581676204,2
119,1290.0,0.1462807814740114,0.09100313458389736,2
120,1300.0,0.16164990489275446,0.10178673403944037,2
121,1310.0,0.2173307960061027,0.1498725845492773,2
122,1320.0,0.22891492110030381,0.15389388201366594,2
123,1330.0,0.24794335966816144,0.13228756497580862,2
124,1340.0,0.283910947730119,0.14298291830538784,2
125,1350.0,0.28782184146000966,0.13959440838094483,2
126,1360.0,0.3052539378183724,0.161401267522593,2
127,1370.0,0.3511446073267135,0.2146005612279139,2
128,1380.0,0.41369912543716575,0.2696051803928181,2
129,1390.0,0.4970398300962047,0.31754821310010845,2
130,1400.0,0.5375575587223766,0.3281129595113522,2
131,1410.0,0.4941324339275651,0.3206131527198154,2
132,1420.0,0.4877158225081235,0.3452962895559665,2
133,1430.0,0.49020878476545565,0.3473244322495123,2
134,1440.0,0.5114086627121245,0.3341145310188435,2
135,1450.0,0.5081844444709516,0.33313020278293,2
136,1460.0,0.4589673056621253,0.32043199574885345,2
137,1470.0,0.4839854903038208,0.333503073819868,2
138,1480.0,0.5030493181426504,0.3304545200949887,2
139,1490.0,0.5709278026221112,0.37250068026665006,2
140,1500.0,0.5930915214779625,0.3861719068457158,2
141,1510.0,0.6318160828097499,0.42029564131906744,2
142,1520.0,0.6805651026155485,0.4256423163601627,2
143,1530.0,0.755881335700771,0.44060540115187463,2
144,1540.0,0.7584250216419988,0.4217471432789789,2
145,1550.0,0.738932449481007,0.40797606945527637,2
146,1560.0,0.6800306987744332,0.3806551984903204,2
147,1570.0,0.6371326836733744,0.38458399059570936,2
148,1580.0,0.5777234164093893,0.3737743040417151,2
149,1590.0,0.6797858540531184,0.37900752504557167,2
150,1600.0,0.7105393190743758,0.38642992730739767,2
151,1610.0,0.5715369807488,0.35487436398944455,2
152,1620.0,0.5469144394249128,0.3730506684879148,2
153,1630.0,0.544060095776256,0.37585922196758204,2
154,1640.0,0.5833726961151071,0.38183105838667736,2
155,1650.0,0.6379655034826512,0.387661168953263,2
156,1660.0,0.6126699637929044,0.35761891617250596,2
157,1670.0,0.5055016484361727,0.30466010152443485,2
158,1680.0,0.4074897349727217,0.2620709190481402,2
159,1690.0,0.40806109491714204,0.25885595933557687,2
160,1700.0,0.39432857340520133,0.24512707573262466,2
161,1710.0,0.36890539982199577,0.25535959129681174,2
162,1720.0,0.3606164809040854,0.24493988073890752,2
163,1730.0,0.3896414375027546,0.2563091716925367,2
164,1740.0,0.4426150110537392,0.28384121289166453,2
165,1750.0,0.4698421630126873,0.28604832514769013,2
166,1760.0,0.445877269374579,0.2673473512462313,2
167,1770.0,0.3940947987807015,0.23559771917289168,2
168,1780.0,0.38465298576663676,0.24763588902290604,2
169,1790.0,0.3767741781928346,0.24470204962332165,2
170,1800.0,0.4236752721799223,0.2642663320708528,2
171,1810.0,0.3948137440218552,0.2504775762260264,2
172,1820.0,0.36422340809277004,0.2474862311070334,2
173,1830.0,0.35369875577740095,0.23155330760300613,2
174,1840.0,0.3685499571397248,0.23574826845302405,2
175,1850.0,0.35327768185072184,0.2143821893291761,2
176,1860.0,0.36059367063893377,0.21504958340794134,2
177,1870.0,0.3208729393124513,0.19851625965952951,2
178,1880.0,0.316762100099553,0.1977826053349359,2
179,1890.0,0.3745413448064627,0.22388461154213601,2
180,1900.0,0.42830347065810653,0.2621960610314299,2
181,1910.0,0.47132216793350135,0.31318128706520687,2
182,1920.0,0.48917735275868485,0.36155064557568756,2
183,1930.0,0.5056094070302013,0.3937458710822296,2
184,1940.0,0.541595473913864,0.4356202447214645,2
185,1950.0,0.5885275497245711,0.44923710725923477,2
186,1960.0,0.6001722654178708,0.44587752901059746,2
187,1970.0,0.5702506495737946,0.42705187611022477,2
188,1980.0,0.5838375471143676,0.4330386917476663,2
189,1990.0,0.6382857532611663,0.4656167483373432,2
190,2000.0,0.7079886434775865,0.5103071549235692,2
191,2010.0,0.7868060760066811,0.5517831862565821,2
192,2020.0,0.8081095383353136,0.5651696021756003,2
193,2030.0,0.8401878372722289,0.581258983633379,2
194,2040.0,0.8402529415203924,0.5575154595441381,2
195,2050.0,0.886932473840655,0.5633728897759062,2
196,2060.0,0.9060276173543528,0.5368927702023625,2
197,2070.0,0.9207721373295671,0.524948481050753,2
198,2080.0,0.8826512214646799,0.49560816148673487,2
199,2090.0,0.8300866175090944,0.46102233252163755,2
200,2100.0,0.7169747577746595,0.39328429978917995,2
201,2110.0,0.5986088442989576,0.3209540207560858,2
202,2120.0,0.5327726487756941,0.3096001333842628,2
203,2130.0,0.7410148861636934,0.4337722271714243,2
204,2140.0,0.8509643560579866,0.480480776237394,2
205,2150.0,0.614823229791812,0.3628320236350985,2
206,2160.0,0.3875047457312081,0.2345649377613421,2
207,2170.0,0.2753272707364483,0.16725775689690067,2
208,2180.0,0.26614623614616184,0.17306080551849093,2
209,2190.0,0.3058590161902075,0.19303663290882514,2
210,2200.0,0.3484759541906561,0.2146223432457571,2
211,2210.0,0.37124584516041936,0.21945866347256376,2
212,2220.0,0.3721523295383395,0.22147439205692798,2
213,2230.0,0.38763180498971556,0.23401834351235218,2
214,2240.0,0.40308356208891283,0.22567156929087956,2
215,2250.0,0.4213004646870738,0.21894153802113658,2
216,2260.0,0.39600718585115485,0.21243634994145824,2
217,2270.0,0.4254220245787395,0.25355581713638886,2
218,2280.0,0.47816304266555054,0.2934922511662997,2
219,2290.0,0.4812612330943097,0.3363435906537306,2
220,2300.0,0.5030395639800014,0.36608199579005335,2
221,2310.0,0.5398835087439162,0.38179777499794226,2
222,2320.0,0.5635348652607476,0.40463463009347606,2
223,2330.0,0.5778200778921118,0.3819401650705916,2
224,2340.0,0.596681331399521,0.39023407512212877,2
225,2350.0,0.6222050275262163,0.37597132509411496,2
226,2360.0,0.5844026812396668,0.35490767900975445,2
227,2370.0,0.5625957530058251,0.32953911844037576,2
228,2380.0,0.5203564860298431,0.2950956197485157,2
229,2390.0,0.5146417675654652,0.2814932468259948,2
230,2400.0,0.47541590732844197,0.2560718201100882,2
231,2410.0,0.36683307705453555,0.21138383287559726,2
232,2420.0,0.30283742720048235,0.20273966157180717,2
233,2430.0,0.3449163301644368,0.22765891459637178,2
234,2440.0,0.41529100890488346,0.25800574050775904,2
235,2450.0,0.48005029453031933,0.3124323474131181,2
236,2460.0,0.4816275981609318,0.34511840611492445,2
237,2470.0,0.49614598419234246,0.38531882853581245,2
238,2480.0,0.5274406707024988,0.42386541945359313,2
239,2490.0,0.575651727831396,0.46297181555572997,2
240,2500.0,0.5969234283877166,0.4639115080771058,2
241,2510.0,0.607845872349769,0.4655731491936607,2
242,2520.0,0.6301993516148475,0.4532033072001696,2
243,2530.0,0.653207851018392,0.4547708455057619,2
244,2540.0,0.646757108283967,0.451201927575563,2
245,2550.0,0.6869484784775515,0.46288425886133727,2
246,2560.0,0.7039882348270445,0.4557166458598703,2
247,2570.0,0.6961443155885216,0.44185098862573124,2
248,2580.0,0.6625276362296043,0.42505629561503705,2
249,2590.0,0.6527713497323211,0.42851819095783616,2
250,2600.0,0.6699979734432834,0.4164047704026825,2
251,2610.0,0.7094209242909105,0.4153257022287613,2
252,2620.0,0.7434897748174656,0.44507648285655954,2
253,2630.0,0.7597074610687186,0.4817268886496846,2
254,2640.0,0.7452494378587423,0.5009104308473394,2
255,2650.0,0.7281373355522047,0.5105288767566483,2
256,2660.0,0.7461524724602788,0.5124989571853032,2
257,2670.0,0.7728228134126142,0.5031370711535071,2
258,2680.0,0.7625717252863967,0.5088435344118266,2
259,2690.0,0.755276516736977,0.5477847580930841,2
260,2700.0,0.7655491560559401,0.5448735170318431,2
261,2710.0,0.7801902795012057,0.5346837998361872,2
262,2720.0,0.8301640476736516,0.565385782383776,2
263,2730.0,0.9370223011862646,0.6126268668520506,2
264,2740.0,0.9919779104421157,0.6236657657205406,2
265,2750.0,0.9360310453745398,0.5858019757334276,2
266,2760.0,0.8752654374642732,0.5545434596348972,2
267,2770.0,0.8433824973166328,0.535345930399989,2
268,2780.0,0.8262551865952356,0.556296738678822,2
269,2790.0,0.8213371257382703,0.583863516193805,2
270,2800.0,0.8478545733544176,0.5849371304720828,2
271,2810.0,0.898264279329568,0.6114305813194116,2
272,2820.0,0.953642983095937,0.6322880587427651,2
273,2830.0,1.0196755128429704,0.6469298600198718,2
274,2840.0,1.086516228642881,0.6472476654476944,2
275,2850.0,1.072965141085726,0.6090854060453165,2
276,2860.0,0.984236780318718,0.5527218906978993,2
277,2870.0,0.8426034826444105,0.4936686838623034,2
278,2880.0,0.7848850585090115,0.49126873386671294,2
279,2890.0,0.7733268403399658,0.4982041551799606,2
280,2900.0,0.7917391922404862,0.5136328223568681,2
281,2910.0,0.7819699717756249,0.5020333855472302,2
282,2920.0,0.7364620926624852,0.46878419862260756,2
283,2930.0,0.6974908033172597,0.44012409944086833,2
284,2940.0,0.6930589751362393,0.432850161154449,2
285,2950.0,0.6873147932194461,0.4103678912321828,2
286,2960.0,0.6218197243746489,0.37733061207148805,2
287,2970.0,0.5821197199219863,0.37193686994664343,2
288,2980.0,0.60071859067865,0.3819546787567583,2
289,2990.0,0.6322689110053783,0.4140945274344835,2
290,3000.0,0.6987629571580102,0.47077157329605157,2
291,3010.0,0.7750253702225615,0.5264452968972854,2
292,3020.0,0.8540784893491056,0.5790795764974946,2
293,3030.0,0.9012154856889701,0.610183710053291,2
294,3040.0,0.9743605500562749,0.656630306565834,2
295,3050.0,1.0352435065290821,0.6808114923267834,2
296,3060.0,1.0725742534053966,0.6906945796173986,2
297,3070.0,1.0809878569070712,0.6793943287329287,2
298,3080.0,1.0696229055188518,0.6627750469159477,2
299,3090.0,0.98193305793989,0.5949496319509695,2
300,3100.0,0.8992036068019729,0.5247886739575268,2
301,3110.0,0.8605883892407957,0.47217054827998417,2
302,3120.0,0.7600731103978513,0.41040160702184714,2
303,3130.0,0.6183580812328294,0.3957549281197617,2
304,3140.0,0.6198904883569106,0.4581986348505029,2
305,3150.0,0.64225766778101,0.45581455245735153,2
306,3160.0,0.6647392944992301,0.4564137171267782,2
307,3170.0,0.6740531052300637,0.45711642763702987,2
308,3180.0,0.6749587595078275,0.4404000338925709,2
309,3190.0,0.6645824066226365,0.4062042877742552,2
310,3200.0,0.6897255892797141,0.4109748388120581,2
311,3210.0,0.771694752237395,0.44728119789105514,2
312,3220.0,0.7053554381450636,0.40461914502547547,2
313,3230.0,0.5790675739226405,0.3242791236588821,2
314,3240.0,0.5650589884667347,0.3202325091277208,2
315,3250.0,0.5818707798764571,0.3296351439414105,2
316,3260.0,0.46747939671896654,0.27578041888024596,2
317,3270.0,0.3980621218260361,0.2572028301006776,2
318,3280.0,0.3734842761193304,0.23264867032238803,2
319,3290.0,0.3875778373721246,0.23104161587832525,2
320,3300.0,0.42175519969338515,0.24276887669238942,2
321,3310.0,0.47593079437917263,0.26683586539247445,2
322,3320.0,0.3830884984595405,0.2077014348489904,2
323,3330.0,0.24394227223888204,0.14395522712652548,2
324,3340.0,0.23985954045244517,0.14453904317271152,2
325,3350.0,0.3132007874192355,0.19683428403049144,2
326,3360.0,0.4135546891139709,0.26438961446610987,2
327,3370.0,0.46314829165421684,0.3075387336678115,2
328,3380.0,0.4844623968855573,0.3673617234687631,2
329,3390.0,0.5278069541414991,0.3759422236370893,2
330,3400.0,0.5462096566702496,0.3645541545653094,2
331,3410.0,0.5370068302190515,0.39478311925927073,2
332,3420.0,0.5675402510447056,0.3869806682682986,2
333,3430.0,0.6062487748596723,0.4028172504619398,2
334,3440.0,0.6331540472107315,0.4161764686910599,2
335,3450.0,0.6669178023292395,0.4282448749419855,2
336,3460.0,0.682953824015949,0.4171571241127659,2
337,3470.0,0.718064039563734,0.41846864368022113,2
338,3480.0,0.7031778897478848,0.38803321448573513,2
339,3490.0,0.6695399684220198,0.3706079733696656,2
340,3500.0,0.6451660712696693,0.39038707469726314,2
341,3510.0,0.6699469063051758,0.3925751020159833,2
342,3520.0,0.6845196502189524,0.39189873221571553,2
343,3530.0,0.7254099271139608,0.4177856471177793,2
344,3540.0,0.7095081896930672,0.42462338720948084,2
345,3550.0,0.7412344060168834,0.44165148526026793,2
346,3560.0,0.7369656129217288,0.42174118773922137,2
347,3570.0,0.7275308142190111,0.4074650140871983,2
348,3580.0,0.6825846350190481,0.38539045642729186,2
349,3590.0,0.6166053395977994,0.38359520446541306,2
350,3600.0,0.6146465675781737,0.39557110092558095,2
351,3610.0,0.6316668127177227,0.3916213405981665,2
352,3620.0,0.6420187378004232,0.3871022057285424,2
353,3630.0,0.624204481323677,0.35812458680592724,2
354,3640.0,0.5775004222546068,0.30698120727319533,2
355,3650.0,0.5321518012587331,0.2763283201230829,2
356,3660.0,0.43095867337757393,0.2187070165906387,2
357,3670.0,0.3586814647111191,0.21969053166079258,2
358,3680.0,0.41679658890118393,0.259367871180086,2
359,3690.0,0.5046333894443685,0.30338939536062964,2
360,3700.0,0.5229438822779054,0.3386792630403291,2
361,3710.0,0.5395430085931601,0.3810144829126929,2
362,3720.0,0.5908147430763038,0.41450620578798447,2
363,3730.0,0.6276808789499302,0.45027814739940675,2
364,3740.0,0.6496052796728382,0.47720252174558725,2
365,3750.0,0.6585197985495207,0.4673507412816367,2
366,3760.0,0.6555019516122675,0.4393557587435294,2
367,3770.0,0.6992781391257846,0.4244894381541044,2
368,3780.0,0.7104912660127783,0.4067196796361128,2
369,3790.0,0.6634499094263278,0.38470765167370297,2
370,3800.0,0.58038867329711,0.34585605528474445,2
371,3810.0,0.5227509909219884,0.3032880115342537,2
372,3820.0,0.4681193052948936,0.2693017085047624,2
373,3830.0,0.4337315539240664,0.255392780426697,2
374,3840.0,0.46720588143141023,0.25691362419372793,2
375,3850.0,0.5019789997898698,0.2548121468517261,2
376,3860.0,0.48532046964993164,0.25036380541712544,2
377,3870.0,0.47690273408506567,0.2601386107557267,2
378,3880.0,0.45506389979989637,0.28199958547851034,2
379,3890.0,0.4239114460686602,0.28925006197647085,2
380,3900.0,0.4187094084501056,0.29460839214836526,2
381,3910.0,0.40531099686138494,0.2891151033694815,2
382,3920.0,0.42120659056221244,0.28046342082108894,2
383,3930.0,0.5200594349522158,0.3195004569900245,2
384,3940.0,0.5863215490697952,0.3599261964474364,2
385,3950.0,0.6440022699674293,0.4325787333674255,2
386,3960.0,0.6672418125795904,0.4578597153301779,2
387,3970.0,0.7059752221300954,0.48238486174133066,2
388,3980.0,0.7256461409287095,0.4858180189669078,2
389,3990.0,0.7502180010666748,0.5090444126094079,2
390,4000.0,0.7665444189368552,0.5465902091382988,2
391,4010.0,0.7841890570055013,0.5527702617292745,2
392,4020.0,0.8088784339502487,0.552529822145617,2
393,4030.0,0.8831064706319867,0.5534456327604568,2
394,4040.0,0.9027373209489872,0.52914335288562,2
395,4050.0,0.9000426517597755,0.5283397938734425,2
396,4060.0,0.8753422854890552,0.507969799370417,2
397,4070.0,0.887214690662498,0.5083793627743703,2
398,4080.0,0.8710312684990246,0.500725314355096,2
399,4090.0,0.8381445886659021,0.498446610629066,2
400,4100.0,0.8136875681512401,0.5299276030934562,2
401,4110.0,0.8899127695615066,0.5987614553910267,2
402,4120.0,1.0383594037128765,0.6787261390781927,2
403,4130.0,1.0721941313813261,0.6959099207426185,2
404,4140.0,1.0362193295017939,0.6740256988895138,2
405,4150.0,1.0063338621944133,0.6408761338585571,2
406,4160.0,0.9966823841779052,0.6071725596724283,2
407,4170.0,1.0473406804396395,0.5990504011649723,2
408,4180.0,1.0497848265185594,0.6061042427151875,2
409,4190.0,1.022842497158189,0.6130788389133126,2
410,4200.0,1.0611498289160526,0.6263658250032275,2
411,4210.0,1.057147656867328,0.6185485806292269,2
412,4220.0,1.029346483586787,0.5957965654808167,2
413,4230.0,0.9945974117242262,0.563996447685467,2
414,4240.0,0.9795841475617657,0.5545597685196231,2
415,4250.0,0.9572231813631855,0.5538477712563107,2
416,4260.0,0.9469624660147166,0.5588883931352177,2
417,4270.0,0.9437426348054992,0.5873209256360471,2
418,4280.0,0.9554911237757475,0.6026482840352737,2
419,4290.0,0.9955936773546321,0.6008039387124361,2
420,4300.0,1.102063890265165,0.6482077037932437,2
421,4310.0,1.1744906829321065,0.6639203411874081,2
422,4320.0,1.106093140178138,0.6196132581201029,2
423,4330.0,1.0011270719515488,0.5530027272601983,2
424,4340.0,0.9422667209119095,0.5227898707566586,2
425,4350.0,0.9280697880631826,0.563458803120685,2
426,4360.0,0.9652513732753245,0.6064731303817776,2
427,4370.0,1.0435392237528207,0.6295232584105227,2
428,4380.0,1.0993924126508825,0.6420400628265578,2
429,4390.0,1.1220666481570785,0.6439021804182639,2
430,4400.0,1.109785075002331,0.6218959560117038,2
431,4410.0,1.0728327747870354,0.6094472710644395,2
432,4420.0,1.0447397971104635,0.5946116085844392,2
433,4430.0,1.020338997122306,0.5854563527281205,2
434,4440.0,1.0190757192517563,0.5907159862460174,2
435,4450.0,1.04950888027493,0.5920579213666457,2
436,4460.0,1.0560614759289537,0.5998122608595805,2
437,4470.0,1.0619032075621813,0.6041071511860326,2
438,4480.0,1.050634025567028,0.587853498900868,2
439,4490.0,0.9894978082757769,0.5584596660257423,2
440,4500.0,0.9083388607984508,0.5251315746386908,2
441,4510.0,0.8838292315264369,0.5001695379277941,2
442,4520.0,0.8783723548888867,0.5111314982375773,2
443,4530.0,0.881140108617342,0.5456364911427388,2
444,4540.0,0.9234253763808586,0.5791413469291126,2
445,4550.0,0.9939395314805999,0.5999556026235545,2
446,4560.0,1.0482973494512362,0.6122455060139353,2
447,4570.0,1.0261958410837497,0.5874702298889884,2
448,4580.0,0.9797062133720302,0.5622777718079547,2
449,4590.0,0.9642714657658744,0.5500963721391829,2
450,4600.0,0.9550790743161898,0.5498936133849767,2
451,4610.0,0.9184647060331497,0.585802627197589,2
452,4620.0,0.930024744276289,0.6139258070217382,2
453,4630.0,0.9433541139765161,0.622937935136411,2
454,4640.0,0.9878794209119789,0.6268978356009666,2
455,4650.0,0.9934880371613878,0.6057626187682629,2
456,4660.0,0.9592944973012659,0.5627217142300405,2
457,4670.0,0.8742641091782472,0.5054507229333952,2
458,4680.0,0.788769580224226,0.4332481926602471,2
459,4690.0,0.6883124188092798,0.3676970828263274,2
460,4700.0,0.6386992404799092,0.3528163918659787,2
461,4710.0,0.6289519471727458,0.36567513474516394,2
462,4720.0,0.6286309335356978,0.37994453147891366,2
463,4730.0,0.6316071461140041,0.3839781974568199,2
464,4740.0,0.6402661944183798,0.3772164132764636,2
465,4750.0,0.6132715917518295,0.34945155861199384,2
466,4760.0,0.5953682659813577,0.3619977818024369,2
467,4770.0,0.5990564675674331,0.37405144781398697,2
468,4780.0,0.5999353148748389,0.37109143270105505,2
469,4790.0,0.6134732953738271,0.3610716096447986,2
470,4800.0,0.6558159059907331,0.38860903086265947,2
471,4810.0,0.8097531817726803,0.504111304473747,2
472,4820.0,0.9356055696546831,0.5611495155781067,2
473,4830.0,0.884958102759051,0.5368416258345954,2
474,4840.0,0.8212469246279201,0.5205433172508757,2
475,4850.0,0.8076031945186637,0.5090912029004778,2
476,4860.0,0.7985087270855661,0.5011246199109216,2
477,4870.0,0.7940049219931546,0.5213898739298841,2
478,4880.0,0.8304247048289629,0.5468471042856807,2
479,4890.0,0.89840266430785,0.5821020828910902,2
480,4900.0,0.9778577966520003,0.6103002745673536,2
481,4910.0,0.99257917854249,0.5977755435589683,2
482,4920.0,0.9728388419846284,0.5624604629515381,2
483,4930.0,0.9212069772146788,0.5246806376465464,2
484,4940.0,0.8807671259801102,0.52168469149688,2
485,4950.0,0.8385978809937414,0.5274118420615558,2
486,4960.0,0.8432338406443433,0.5396825136434772,2
487,4970.0,0.9056894059739934,0.5459254465598483,2
488,4980.0,0.9586026063097011,0.5683949268867684,2
489,4990.0,0.9851544024217842,0.5870663275172328,2
490,5000.0,0.951363316259442,0.5623224207016996,2
491,5010.0,0.8768723363263711,0.5283772058681807,2
492,5020.0,0.8221533325926174,0.5130067396302553,2
493,5030.0,0.7843950441153216,0.5162978631323185,2
494,5040.0,0.7752252261418778,0.5221177703379237,2
495,5050.0,0.8030521092590882,0.521449720334217,2
496,5060.0,0.8399743795776704,0.5377272482637041,2
497,5070.0,0.882475814043991,0.5591467719639314,2
498,5080.0,0.8874480880899657,0.5454483667384032,2
499,5090.0,0.8538678056158959,0.5037367794777123,2
500,5100.0,0.7740978237513227,0.44424956050927666,2
501,5110.0,0.6981759945511785,0.39841465454635044,2
502,5120.0,0.655600247371277,0.3648484281327425,2
503,5130.0,0.6443546660793792,0.3615301403930742,2
504,5140.0,0.6528404685538003,0.37841521730228056,2
505,5150.0,0.6783921060199182,0.4210421272614314,2
506,5160.0,0.6988675739649977,0.45138420152663306,2
507,5170.0,0.7087601541367171,0.4505056581341659,2
508,5180.0,0.7128290126583793,0.4345845638758817,2
509,5190.0,0.7157788884704852,0.4193695478070269,2
510,5200.0,0.7176009418399714,0.41515667273153084,2
511,5210.0,0.7125919481169619,0.44162348895205017,2
512,5220.0,0.7485078096975741,0.49446654363591447,2
513,5230.0,0.7803613330594832,0.5061902213351497,2
514,5240.0,0.8353544006339895,0.5353395766413331,2
515,5250.0,0.8966121126556079,0.5574340832195258,2
516,5260.0,0.9569674847739223,0.5665060864725096,2
517,5270.0,0.9838219305053649,0.5619009569316176,2
518,5280.0,0.9400875005370685,0.5161058916152172,2
519,5290.0,0.8209018963599524,0.4525620243455141,2
520,5300.0,0.752643892831558,0.47662813760616585,2
521,5310.0,0.719983672462009,0.4901808817956847,2
522,5320.0,0.7219934990060933,0.4952187739206659,2
523,5330.0,0.7205591621818664,0.4982557462371296,2
524,5340.0,0.7322236633369603,0.506102186384388,2
0,100.0,1.077464463049901,0.6358120399230451,3
1,110.0,1.044630959760607,0.5950795483953649,3
2,120.0,0.9840236511082171,0.5558104540215667,3
3,130.0,0.8967132041009773,0.49850964840266737,3
4,140.0,0.8387464992462428,0.45584327823054827,3
5,150.0,0.7952757081760734,0.4226593511199193,3
6,160.0,0.7241875249136598,0.43211899946600957,3
7,170.0,0.7414975006225968,0.47070660411208265,3
8,180.0,0.8314829881529285,0.5128793493413624,3
9,190.0,0.9315693960852204,0.5624340682656269,3
10,200.0,1.0021581316558554,0.5880024515426752,3
11,210.0,0.9953755373701151,0.5733457908469981,3
12,220.0,0.9341279643555597,0.5369375795990374,3
13,230.0,0.8774315859162076,0.5344091800136759,3
14,240.0,0.8600533265361631,0.5557935661545049,3
15,250.0,0.8796519581847689,0.5786139574211332,3
16,260.0,0.9070044227156097,0.5836757693237337,3
17,270.0,0.968758725448702,0.5963094985145749,3
18,280.0,1.0219896180972698,0.613486992137043,3
19,290.0,1.012075230284615,0.591727490285612,3
20,300.0,0.8911900564992812,0.5075979642261069,3
21,310.0,0.7537216122870622,0.4135275340998937,3
22,320.0,0.7065799870142055,0.36525092949909094,3
23,330.0,0.7110861142002598,0.37457387493940986,3
24,340.0,0.7509584348328814,0.4313804490157883,3
25,350.0,0.8176528718499492,0.48973759795808586,3
26,360.0,0.8043043466231616,0.513308724400252,3
27,370.0,0.7597066128598973,0.5013328186176786,3
28,380.0,0.7470380579764381,0.4772109195414182,3
29,390.0,0.7663965480491399,0.4704152977327166,3
30,400.0,0.8067297230081515,0.4738794355081553,3
31,410.0,0.8124626569526091,0.4698407948896169,3
32,420.0,0.8004500558553708,0.45883136271893626,3
33,430.0,0.7361769010379502,0.4360906655271145,3
34,440.0,0.6738576683777587,0.41437730760747066,3
35,450.0,0.6088830118544368,0.3850175685435983,3
36,460.0,0.522259259972972,0.3188317585604154,3
37,470.0,0.4057011758748345,0.23715471409007083,3
38,480.0,0.2690829042032936,0.1613261466922252,3
39,490.0,0.24490355125863136,0.14106161065602246,3
40,500.0,0.29652000133009804,0.17737365087308066,3
41,510.0,0.28467541936718466,0.15950024859066406,3
42,520.0,0.2997036335451708,0.1752058269535603,3
43,530.0,0.3199138345461968,0.17725481473715948,3
44,540.0,0.348576108628412,0.18426562147721945,3
45,550.0,0.36500234800861275,0.1893740230784063,3
46,560.0,0.30216031362159074,0.14451336038287432,3
47,570.0,0.2732700373795871,0.1512737662024083,3
48,580.0,0.37740078755954864,0.21877125881087922,3
49,590.0,0.4607472000524548,0.28452132495521487,3
50,600.0,0.45419893831727,0.2976404709635238,3
51,610.0,0.4246934781270021,0.29632742619856217,3
52,620.0,0.41984839643018845,0.2809187882302633,3
53,630.0,0.4296566504584039,0.2740616511117181,3
54,640.0,0.40327021090245696,0.25750201348524127,3
55,650.0,0.41018676100005674,0.25918337792599494,3
56,660.0,0.4470689208526272,0.2549595439187004,3
57,670.0,0.4412804943017219,0.25052702642339836,3
58,680.0,0.41433321570161774,0.2579261657454369,3
59,690.0,0.42776920047355615,0.2605717591736092,3
60,700.0,0.482525255900343,0.2722386466475846,3
61,710.0,0.49283542456395074,0.2783167045290304,3
62,720.0,0.4535746525438097,0.27073962890476344,3
63,730.0,0.42334356310235893,0.2728072231935965,3
64,740.0,0.4835012781635146,0.309536948685446,3
65,750.0,0.5935407723112918,0.3612754534451224,3
66,760.0,0.6367321187600095,0.3893942846768455,3
67,770.0,0.6149868123055673,0.3977766897149291,3
68,780.0,0.5923113843973915,0.3987132703483948,3
69,790.0,0.5803824996821253,0.3897143255798348,3
70,800.0,0.5678719061412247,0.37832798672149537,3
71,810.0,0.5631657584315195,0.36539604960037103,3
72,820.0,0.5893831727819469,0.34680391397641874,3
73,830.0,0.6203961088016978,0.34238694451042406,3
74,840.0,0.5834016842076463,0.3281030044813538,3
75,850.0,0.5155523580673282,0.29542353749333244,3
76,860.0,0.4445043679572975,0.26177917090562347,3
77,870.0,0.3841909993457487,0.21855859555286478,3
78,880.0,0.392658184687966,0.22520889152664517,3
79,890.0,0.39395791891052906,0.23754379056073258,3
80,900.0,0.4458136347017513,0.2964520596001738,3
81,910.0,0.4919135823442338,0.3377683682179452,3
82,920.0,0.5094261012022351,0.3708236649915836,3
83,930.0,0.48283176422493584,0.35825239643135415,3
84,940.0,0.491573461128372,0.3552074726542436,3
85,950.0,0.47725991529564016,0.33355791843141613,3
86,960.0,0.4682448477602736,0.3149830857908323,3
87,970.0,0.47079964907272714,0.3047454062068561,3
88,980.0,0.5400398287687674,0.35683065821184773,3
89,990.0,0.6105483146405586,0.4124398042955154,3
90,1000.0,0.6655528943143223,0.4504370342714839,3
91,1010.0,0.6664485806218129,0.44927625777856794,3
92,1020.0,0.6859616587519115,0.4544051030693357,3
93,1030.0,0.6853166126026234,0.45202271304717584,3
94,1040.0,0.6952318444253698,0.45596653158220163,3
95,1050.0,0.7137887928279081,0.44459714993695504,3
96,1060.0,0.8199967043382361,0.48277586808547157,3
97,1070.0,0.861936141712955,0.4800024094106935,3
98,1080.0,0.794954894015793,0.45370052047570364,3
99,1090.0,0.7087828731182632,0.4508899327179141,3
100,1100.0,0.7340636468575531,0.4933426593683667,3
101,1110.0,0.7580207312571487,0.5224149494123691,3
102,1120.0,0.7658248131827053,0.5332740279072089,3
103,1130.0,0.798545540955882,0.5299931499391082,3
104,1140.0,0.8528614826421028,0.5492159188262508,3
105,1150.0,0.9160682357384952,0.5893798535600665,3
106,1160.0,0.9598456962714315,0.6046637407723051,3
107,1170.0,0.9420255666437317,0.5849606557680771,3
108,1180.0,0.8846869054175821,0.5343406004430737,3
109,1190.0,0.8686751717809338,0.49110470332012,3
110,1200.0,0.9047984895776907,0.4984118874138564,3
111,1210.0,0.9370943135348885,0.5031818944916471,3
112,1220.0,0.922853353333839,0.5209313961079953,3
113,1230.0,0.9269959770179382,0.5600386167061948,3
114,1240.0,0.9608852483577204,0.5820785683185037,3
115,1250.0,1.0335509639576803,0.606015072455836,3
116,1260.0,1.0884330924747114,0.6085685933216508,3
117,1270.0,1.0936025245543144,0.5984715659465798,3
118,1280.0,1.0433274075647654,0.573503502705233,3
119,1290.0,1.0222305157485512,0.5765930272159552,3
120,1300.0,1.004898295300196,0.5903270480605415,3
121,1310.0,1.0028987451813567,0.5952353755370225,3
122,1320.0,1.0028989982183831,0.6019503549301249,3
123,1330.0,0.9962450356941699,0.610363637074585,3
124,1340.0,1.009932131040142,0.5990227150968964,3
125,1350.0,0.9938870944943168,0.566908022724667,3
126,1360.0,0.9248937772390688,0.5071350652954058,3
127,1370.0,0.8307106972242394,0.44594883490430054,3
128,1380.0,0.7550540611465039,0.4094235452183849,3
129,1390.0,0.7117980220199106,0.38915804598985076,3
130,1400.0,0.6965687060885157,0.39186371752123544,3
131,1410.0,0.6907591392700582,0.408272683986497,3
132,1420.0,0.747568858776582,0.46191316795290993,3
133,1430.0,0.8099899627825172,0.5139464941215135,3
134,1440.0,0.883292591340764,0.5566699241402001,3
135,1450.0,0.9193733097292853,0.5827447011382338,3
136,1460.0,0.9426995794743431,0.6193242021735939,3
137,1470.0,0.9704009696467711,0.6625591876393367,3
138,1480.0,0.9941110738974414,0.6782315143476157,3
139,1490.0,1.000116701762405,0.6825506702331581,3
140,1500.0,1.0262914811552097,0.6932691268034722,3
141,1510.0,1.0663567420272015,0.688912135351063,3
142,1520.0,1.1162008452511858,0.6907591531636625,3
143,1530.0,1.1332960856561523,0.6690344459993197,3
144,1540.0,1.0680552131183023,0.600072243177415,3
145,1550.0,0.986976666157251,0.5362440782923881,3
146,1560.0,0.9421095833816465,0.48545130823649174,3
147,1570.0,0.8929981047878018,0.4680083506047306,3
148,1580.0,0.84677943454564,0.5096793499207388,3
149,1590.0,0.850413140274573,0.5543593980923041,3
150,1600.0,0.9096400760692754,0.5798565084486004,3
151,1610.0,0.921319849290636,0.5705690040937322,3
152,1620.0,0.9387259701520507,0.5587005256500699,3
153,1630.0,0.9365694811492614,0.5316971887476165,3
154,1640.0,0.8811370489186613,0.4881896963341279,3
155,1650.0,0.8224179208792457,0.44496567398292125,3
156,1660.0,0.7744908277148234,0.43786241679076615,3
157,1670.0,0.7719521845189794,0.45402364968087566,3
158,1680.0,0.7884144483740533,0.4740399418059008,3
159,1690.0,0.8281620320942886,0.5108833564913777,3
160,1700.0,0.8549700928693134,0.5194886393330982,3
161,1710.0,0.8324992598742491,0.4918491967354089,3
162,1720.0,0.8017235395416676,0.46454139101401015,3
163,1730.0,0.8045142771649426,0.45275457393708873,3
164,1740.0,0.7916265884891599,0.44429894618921345,3
165,1750.0,0.7776801162242266,0.47118851592555544,3
166,1760.0,0.8011185000779286,0.5063078458390211,3
167,1770.0,0.845222203725283,0.534808227575241,3
168,1780.0,0.8911054366667561,0.5546901919188354,3
169,1790.0,0.9216637293610714,0.5460923273011697,3
170,1800.0,0.9749886751320435,0.5477859694336884,3
171,1810.0,0.9735365469201228,0.5346098407850172,3
172,1820.0,0.9437049066456431,0.523502227280695,3
173,1830.0,0.895735433822799,0.5099483887378478,3
174,1840.0,0.8903756898348661,0.5365770872715308,3
175,1850.0,0.8829682206387666,0.5546776807803657,3
176,1860.0,0.9170170824893528,0.592430124936393,3
177,1870.0,0.9539381092553935,0.6056784220769494,3
178,1880.0,0.9926961591688064,0.6063129548468996,3
179,1890.0,0.9846893618918601,0.5734136283783839,3
180,1900.0,0.9615468717997556,0.5350864361691496,3
181,1910.0,0.919409918264191,0.5037721375060323,3
182,1920.0,0.8647609652161841,0.487679672867402,3
183,1930.0,0.8260377379928757,0.4781372114491406,3
184,1940.0,0.7848029459586122,0.47923276478037047,3
185,1950.0,0.7697917749644481,0.49287015739684936,3
186,1960.0,0.8169905469839693,0.5232774946913098,3
187,1970.0,0.8258492601805456,0.5164983272729287,3
188,1980.0,0.8494232392650225,0.5131153269236634,3
189,1990.0,0.8646196138184763,0.5260087010649296,3
190,2000.0,0.846467701915856,0.5565850647882141,3
191,2010.0,0.8469538298827815,0.5944891645735936,3
192,2020.0,0.8775429329165286,0.5937846251588035,3
193,2030.0,0.896069051295667,0.5724249449335963,3
194,2040.0,0.9297692879646848,0.5707629304777184,3
195,2050.0,0.8986354717728939,0.5357557264242969,3
196,2060.0,0.8104546424214787,0.4836890663998141,3
197,2070.0,0.7190873377642804,0.4272563246241202,3
198,2080.0,0.6512247029985375,0.3722558824752318,3
199,2090.0,0.6142200834334661,0.32983767426042254,3
200,2100.0,0.5250094570864514,0.2903256450352891,3
201,2110.0,0.4867785880505225,0.30155981870314674,3
202,2120.0,0.45756066121126204,0.28546230515827864,3
203,2130.0,0.44586995165849547,0.2915500735101665,3
204,2140.0,0.4354392665941989,0.29574270788793106,3
205,2150.0,0.4656065561192956,0.3173604926054492,3
206,2160.0,0.4949500241034582,0.32449955838372063,3
207,2170.0,0.520291403766609,0.3306037177085711,3
208,2180.0,0.4937663561690161,0.32447414702777666,3
209,2190.0,0.49173103663579615,0.33723645489269005,3
210,2200.0,0.508573408843276,0.3222544998837293,3
211,2210.0,0.5464693296836953,0.332012588425998,3
212,2220.0,0.5905614527835982,0.3604286849988883,3
213,2230.0,0.615442122518839,0.38751203636696796,3
214,2240.0,0.6256933711527014,0.390466066189278,3
215,2250.0,0.6366594649410005,0.3877691724986362,3
216,2260.0,0.6218802023402626,0.38257753700780345,3
217,2270.0,0.5917509810343743,0.37849529617883604,3
218,2280.0,0.581141599095008,0.3689399545993886,3
219,2290.0,0.6131039207882536,0.379557806880733,3
220,2300.0,0.7143986008669805,0.45217027249971664,3
221,2310.0,0.7924406045215068,0.5134399179846179,3
222,2320.0,0.8545523355602865,0.5636032470143146,3
223,2330.0,0.8690973526106579,0.582385178785865,3
224,2340.0,0.8701339736343056,0.5825027543365369,3
225,2350.0,0.8838745511770654,0.58508613105775,3
226,2360.0,0.9507574717331966,0.6039240069387372,3
227,2370.0,0.9399550093160741,0.6049886084794879,3
228,2380.0,0.9371197863306951,0.6413430684572101,3
229,2390.0,0.935856886589782,0.6462611885200525,3
230,2400.0,0.9588108314516981,0.6488318113083675,3
231,2410.0,0.9928820901914912,0.6406879490600897,3
232,2420.0,1.0161718429658393,0.6260929785981859,3
233,2430.0,0.9885997407273877,0.592852577040243,3
234,2440.0,0.9276025378664491,0.5513186696292051,3
235,2450.0,0.8669928815612821,0.5012487814162784,3
236,2460.0,0.8284194257255795,0.4903035567597792,3
237,2470.0,0.8149457265215979,0.5014078414997944,3
238,2480.0,0.8079656482807597,0.5053559167448407,3
239,2490.0,0.8124292413379239,0.5056302719066887,3
240,2500.0,0.7884963913544158,0.48847642646880657,3
241,2510.0,0.7419263234254799,0.44844794975212876,3
242,2520.0,0.6609518783370782,0.390426751167242,3
243,2530.0,0.6115314854172398,0.3503011695894585,3
244,2540.0,0.5249780228887335,0.29753971462033746,3
245,2550.0,0.47115045062076977,0.2981004072045563,3
246,2560.0,0.44511809809349245,0.30503128753855224,3
247,2570.0,0.4794285847654211,0.32552750019047927,3
248,2580.0,0.46476228740661535,0.30045099091473715,3
249,2590.0,0.4999763095889895,0.3089666194104047,3
250,2600.0,0.4547958737639312,0.2778158238628292,3
251,2610.0,0.39145942599971423,0.25898629971814363,3
252,2620.0,0.3820398006512496,0.2640371406892606,3
253,2630.0,0.3805850833642469,0.26302907291852606,3
254,2640.0,0.3861803192860587,0.2596284874661343,3
255,2650.0,0.4115129045249649,0.2788783405543918,3
256,2660.0,0.45047342438110394,0.2926352091640707,3
257,2670.0,0.511083988499329,0.3044591379940668,3
258,2680.0,0.5381581511462413,0.30884412179658377,3
259,2690.0,0.4968790698870358,0.2910479276542434,3
260,2700.0,0.46815637129235643,0.28019014919856,3
261,2710.0,0.4458582083491449,0.2624878369619773,3
262,2720.0,0.4500006621095373,0.265928837576637,3
263,2730.0,0.43334759527561967,0.26846108733567076,3
264,2740.0,0.44481413238031403,0.2816956461666492,3
265,2750.0,0.5041421355806901,0.316828334857005,3
266,2760.0,0.5799865965711003,0.37706471859381785,3
267,2770.0,0.6074074168688476,0.40212995472072033,3
268,2780.0,0.618308828064604,0.4084998654701774,3
269,2790.0,0.5685809414861029,0.3991606886292816,3
270,2800.0,0.5445568831781882,0.39097351094814914,3
271,2810.0,0.5361556003902419,0.3866852538412393,3
272,2820.0,0.5344474507586402,0.3886606391963363,3
273,2830.0,0.5814532087119633,0.3894692329648041,3
274,2840.0,0.5832565365775099,0.38442129825955657,3
275,2850.0,0.5581539082169465,0.3951791378253371,3
276,2860.0,0.5542513277700003,0.394036242895867,3
277,2870.0,0.6106673906296513,0.42861299981470036,3
278,2880.0,0.6328992393040909,0.43829783721366933,3
279,2890.0,0.6664595781775399,0.45436932726348417,3
280,2900.0,0.6937407646333207,0.44869342954329244,3
281,2910.0,0.7408052401042616,0.45544592473687845,3
282,2920.0,0.7003997987147488,0.42229566913774774,3
283,2930.0,0.6455749347954085,0.3845564392698485,3
284,2940.0,0.6098332084136572,0.3629627855576128,3
285,2950.0,0.5510332530340831,0.34640873753589874,3
286,2960.0,0.5140352796217995,0.342326648373456,3
287,2970.0,0.5146133131829244,0.3600648320289842,3
288,2980.0,0.5313323977066353,0.3670693380556313,3
289,2990.0,0.5584275750467782,0.3625749276316504,3
290,3000.0,0.5875728436318955,0.3452489543300264,3
291,3010.0,0.5960378350390908,0.34543489178147324,3
292,3020.0,0.6913088531877436,0.4009927620009205,3
293,3030.0,0.7461608242577408,0.4412741309436412,3
294,3040.0,0.7399794106355889,0.46537644875138784,3
295,3050.0,0.7542070965154931,0.4797339664415839,3
296,3060.0,0.8073410196809767,0.5042607119323949,3
297,3070.0,0.8807121137430701,0.5370162309084568,3
298,3080.0,0.9297241044775392,0.5531555953332162,3
299,3090.0,0.9346387006056636,0.5719048014926412,3
300,3100.0,0.878755603595875,0.5419306314570106,3
301,3110.0,0.8920463427217947,0.5359115579105291,3
302,3120.0,0.8738695038368257,0.5059704014324614,3
303,3130.0,0.7242149979593449,0.4339824239176192,3
304,3140.0,0.582946977972373,0.4221414065637851,3
305,3150.0,0.6337096127700822,0.4475874709669008,3
306,3160.0,0.6643905510678627,0.46987594007986927,3
307,3170.0,0.8112186706794852,0.6109128648469757,3
308,3180.0,0.8574584572936425,0.6216974174027419,3
309,3190.0,0.9344679943416734,0.6420164345756216,3
310,3200.0,0.9447360875216505,0.6163988821474811,3
311,3210.0,0.9886498990087659,0.617582041514667,3
312,3220.0,1.0152361487386492,0.631781950834365,3
313,3230.0,1.009623579271354,0.6646875974526905,3
314,3240.0,1.0136308436338541,0.6769789811305437,3
315,3250.0,1.0826534400473846,0.6987943131155728,3
316,3260.0,1.1762856772086552,0.7119221195974933,3
317,3270.0,1.2681839351160507,0.7337006560727217,3
318,3280.0,1.2547080444232792,0.7139453254648809,3
319,3290.0,1.1589350404338798,0.6388384547334339,3
320,3300.0,1.056770400634686,0.5793554565552977,3
321,3310.0,0.9539477944098589,0.5219253106255739,3
322,3320.0,0.9165397084197888,0.5018781546084135,3
323,3330.0,0.828965341097122,0.5009614406963654,3
324,3340.0,0.85737471375809,0.5487439338091412,3
325,3350.0,0.8544809028758451,0.5349891794444015,3
326,3360.0,0.8525527558425542,0.5291493543885822,3
327,3370.0,0.784250490008365,0.48010125172203866,3
328,3380.0,0.7936553071667326,0.4622611606772548,3
329,3390.0,0.8123970329346721,0.44603201748736243,3
330,3400.0,0.7936595888122333,0.4043386443201231,3
